"LOCATION","INDICATOR","SUBJECT","MEASURE","FREQUENCY","TIME","Value","Flag Codes"
"AUS","FREIGHTTRANSP","RAIL","MLN_TONNEKM","A","1998",125587,
"AUS","FREIGHTTRANSP","RAIL","MLN_TONNEKM","A","1999",127963,
"AUS","FREIGHTTRANSP","RAIL","MLN_TONNEKM","A","2000",133568,
"AUS","FREIGHTTRANSP","RAIL","MLN_TONNEKM","A","2001",137534,
"AUS","FREIGHTTRANSP","RAIL","MLN_TONNEKM","A","2002",150513,
"AUS","FREIGHTTRANSP","RAIL","MLN_TONNEKM","A","2003",160580,
"AUS","FREIGHTTRANSP","RAIL","MLN_TONNEKM","A","2004",168700,
"AUS","FREIGHTTRANSP","RAIL","MLN_TONNEKM","A","2005",183944,
"AUS","FREIGHTTRANSP","RAIL","MLN_TONNEKM","A","2006",189425,
"AUS","FREIGHTTRANSP","RAIL","MLN_TONNEKM","A","2007",198961,
"AUS","FREIGHTTRANSP","RAIL","MLN_TONNEKM","A","2008",218684,
"AUS","FREIGHTTRANSP","RAIL","MLN_TONNEKM","A","2009",237163,
"AUS","FREIGHTTRANSP","RAIL","MLN_TONNEKM","A","2010",258624,
"AUS","FREIGHTTRANSP","RAIL","MLN_TONNEKM","A","2011",261420,"E"
"AUS","FREIGHTTRANSP","RAIL","MLN_TONNEKM","A","2012",290570,"E"
"AUS","FREIGHTTRANSP","RAIL","MLN_TONNEKM","A","2013",319000,
"AUS","FREIGHTTRANSP","RAIL","MLN_TONNEKM","A","2014",367700,
"AUS","FREIGHTTRANSP","RAIL","MLN_TONNEKM","A","2015",401600,
"AUS","FREIGHTTRANSP","RAIL","MLN_TONNEKM","A","2016",413490,
"AUT","FREIGHTTRANSP","RAIL","MLN_TONNEKM","A","1998",14714,
"AUT","FREIGHTTRANSP","RAIL","MLN_TONNEKM","A","1999",15039,
"AUT","FREIGHTTRANSP","RAIL","MLN_TONNEKM","A","2000",16602,
"AUT","FREIGHTTRANSP","RAIL","MLN_TONNEKM","A","2001",16895,
"AUT","FREIGHTTRANSP","RAIL","MLN_TONNEKM","A","2002",17132,
"AUT","FREIGHTTRANSP","RAIL","MLN_TONNEKM","A","2003",16869,
"AUT","FREIGHTTRANSP","RAIL","MLN_TONNEKM","A","2004",17931,
"AUT","FREIGHTTRANSP","RAIL","MLN_TONNEKM","A","2005",17064,
"AUT","FREIGHTTRANSP","RAIL","MLN_TONNEKM","A","2006",20980,"B"
"AUT","FREIGHTTRANSP","RAIL","MLN_TONNEKM","A","2007",21371,
"AUT","FREIGHTTRANSP","RAIL","MLN_TONNEKM","A","2008",21915,
"AUT","FREIGHTTRANSP","RAIL","MLN_TONNEKM","A","2009",17767,
"AUT","FREIGHTTRANSP","RAIL","MLN_TONNEKM","A","2010",19833,
"AUT","FREIGHTTRANSP","RAIL","MLN_TONNEKM","A","2011",20345,
"AUT","FREIGHTTRANSP","RAIL","MLN_TONNEKM","A","2012",19499,
"AUT","FREIGHTTRANSP","RAIL","MLN_TONNEKM","A","2013",19564,
"AUT","FREIGHTTRANSP","RAIL","MLN_TONNEKM","A","2014",20746,
"AUT","FREIGHTTRANSP","RAIL","MLN_TONNEKM","A","2015",20814,
"AUT","FREIGHTTRANSP","RAIL","MLN_TONNEKM","A","2016",21361,
"AUT","FREIGHTTRANSP","RAIL","MLN_TONNEKM","A","2017",22256,
"AUT","FREIGHTTRANSP","RAIL","MLN_TONNEKM","A","2018",21996.241,
"AUT","FREIGHTTRANSP","RAIL","MLN_TONNEKM","A","2019",21736,
"BEL","FREIGHTTRANSP","RAIL","MLN_TONNEKM","A","1998",7600,
"BEL","FREIGHTTRANSP","RAIL","MLN_TONNEKM","A","1999",7392,
"BEL","FREIGHTTRANSP","RAIL","MLN_TONNEKM","A","2000",7674,
"BEL","FREIGHTTRANSP","RAIL","MLN_TONNEKM","A","2001",7080,
"BEL","FREIGHTTRANSP","RAIL","MLN_TONNEKM","A","2002",7276,
"BEL","FREIGHTTRANSP","RAIL","MLN_TONNEKM","A","2003",7293,
"BEL","FREIGHTTRANSP","RAIL","MLN_TONNEKM","A","2004",7691,
"BEL","FREIGHTTRANSP","RAIL","MLN_TONNEKM","A","2005",8042,
"BEL","FREIGHTTRANSP","RAIL","MLN_TONNEKM","A","2006",8587,
"BEL","FREIGHTTRANSP","RAIL","MLN_TONNEKM","A","2007",8148,
"BEL","FREIGHTTRANSP","RAIL","MLN_TONNEKM","A","2008",8469,
"BEL","FREIGHTTRANSP","RAIL","MLN_TONNEKM","A","2009",5947,
"BEL","FREIGHTTRANSP","RAIL","MLN_TONNEKM","A","2010",6264,"E"
"BEL","FREIGHTTRANSP","RAIL","MLN_TONNEKM","A","2011",6698,"E"
"CAN","FREIGHTTRANSP","RAIL","MLN_TONNEKM","A","1998",256145,
"CAN","FREIGHTTRANSP","RAIL","MLN_TONNEKM","A","1999",265707,
"CAN","FREIGHTTRANSP","RAIL","MLN_TONNEKM","A","2000",283842,
"CAN","FREIGHTTRANSP","RAIL","MLN_TONNEKM","A","2001",291518,
"CAN","FREIGHTTRANSP","RAIL","MLN_TONNEKM","A","2002",288701,
"CAN","FREIGHTTRANSP","RAIL","MLN_TONNEKM","A","2003",300424,
"CAN","FREIGHTTRANSP","RAIL","MLN_TONNEKM","A","2004",327812,
"CAN","FREIGHTTRANSP","RAIL","MLN_TONNEKM","A","2005",337953,
"CAN","FREIGHTTRANSP","RAIL","MLN_TONNEKM","A","2006",341514,
"CAN","FREIGHTTRANSP","RAIL","MLN_TONNEKM","A","2007",347922,
"CAN","FREIGHTTRANSP","RAIL","MLN_TONNEKM","A","2008",334824,
"CAN","FREIGHTTRANSP","RAIL","MLN_TONNEKM","A","2009",294786,
"CAN","FREIGHTTRANSP","RAIL","MLN_TONNEKM","A","2010",332635,
"CAN","FREIGHTTRANSP","RAIL","MLN_TONNEKM","A","2011",347824,
"CAN","FREIGHTTRANSP","RAIL","MLN_TONNEKM","A","2012",368297,
"CAN","FREIGHTTRANSP","RAIL","MLN_TONNEKM","A","2013",386266,
"CAN","FREIGHTTRANSP","RAIL","MLN_TONNEKM","A","2014",414069,
"CAN","FREIGHTTRANSP","RAIL","MLN_TONNEKM","A","2015",412985,
"CAN","FREIGHTTRANSP","RAIL","MLN_TONNEKM","A","2016",396806,
"CAN","FREIGHTTRANSP","RAIL","MLN_TONNEKM","A","2017",420143,
"CAN","FREIGHTTRANSP","RAIL","MLN_TONNEKM","A","2018",445546,
"CAN","FREIGHTTRANSP","RAIL","MLN_TONNEKM","A","2019",433139,
"CZE","FREIGHTTRANSP","RAIL","MLN_TONNEKM","A","1998",18757,
"CZE","FREIGHTTRANSP","RAIL","MLN_TONNEKM","A","1999",16713,
"CZE","FREIGHTTRANSP","RAIL","MLN_TONNEKM","A","2000",17496,
"CZE","FREIGHTTRANSP","RAIL","MLN_TONNEKM","A","2001",16882,
"CZE","FREIGHTTRANSP","RAIL","MLN_TONNEKM","A","2002",15810,
"CZE","FREIGHTTRANSP","RAIL","MLN_TONNEKM","A","2003",15862,
"CZE","FREIGHTTRANSP","RAIL","MLN_TONNEKM","A","2004",15092,
"CZE","FREIGHTTRANSP","RAIL","MLN_TONNEKM","A","2005",14866,
"CZE","FREIGHTTRANSP","RAIL","MLN_TONNEKM","A","2006",15779,
"CZE","FREIGHTTRANSP","RAIL","MLN_TONNEKM","A","2007",16304,
"CZE","FREIGHTTRANSP","RAIL","MLN_TONNEKM","A","2008",15437,
"CZE","FREIGHTTRANSP","RAIL","MLN_TONNEKM","A","2009",12791,
"CZE","FREIGHTTRANSP","RAIL","MLN_TONNEKM","A","2010",13770,
"CZE","FREIGHTTRANSP","RAIL","MLN_TONNEKM","A","2011",14316,
"CZE","FREIGHTTRANSP","RAIL","MLN_TONNEKM","A","2012",14266,
"CZE","FREIGHTTRANSP","RAIL","MLN_TONNEKM","A","2013",13965,
"CZE","FREIGHTTRANSP","RAIL","MLN_TONNEKM","A","2014",14574,
"CZE","FREIGHTTRANSP","RAIL","MLN_TONNEKM","A","2015",15261.102013,
"CZE","FREIGHTTRANSP","RAIL","MLN_TONNEKM","A","2016",15618.690243,
"CZE","FREIGHTTRANSP","RAIL","MLN_TONNEKM","A","2017",15842.778,
"CZE","FREIGHTTRANSP","RAIL","MLN_TONNEKM","A","2018",16564.19,
"CZE","FREIGHTTRANSP","RAIL","MLN_TONNEKM","A","2019",16179.68,
"DNK","FREIGHTTRANSP","RAIL","MLN_TONNEKM","A","1998",2058,
"DNK","FREIGHTTRANSP","RAIL","MLN_TONNEKM","A","1999",1938,
"DNK","FREIGHTTRANSP","RAIL","MLN_TONNEKM","A","2000",2025,
"DNK","FREIGHTTRANSP","RAIL","MLN_TONNEKM","A","2001",1961,
"DNK","FREIGHTTRANSP","RAIL","MLN_TONNEKM","A","2002",1906,
"DNK","FREIGHTTRANSP","RAIL","MLN_TONNEKM","A","2003",1985,
"DNK","FREIGHTTRANSP","RAIL","MLN_TONNEKM","A","2004",2147,
"DNK","FREIGHTTRANSP","RAIL","MLN_TONNEKM","A","2005",1967,
"DNK","FREIGHTTRANSP","RAIL","MLN_TONNEKM","A","2006",1885,
"DNK","FREIGHTTRANSP","RAIL","MLN_TONNEKM","A","2007",1776,"B"
"DNK","FREIGHTTRANSP","RAIL","MLN_TONNEKM","A","2008",1863,
"DNK","FREIGHTTRANSP","RAIL","MLN_TONNEKM","A","2009",1696,
"DNK","FREIGHTTRANSP","RAIL","MLN_TONNEKM","A","2010",2240,
"DNK","FREIGHTTRANSP","RAIL","MLN_TONNEKM","A","2011",2614,
"DNK","FREIGHTTRANSP","RAIL","MLN_TONNEKM","A","2012",2278,
"DNK","FREIGHTTRANSP","RAIL","MLN_TONNEKM","A","2013",2448,
"DNK","FREIGHTTRANSP","RAIL","MLN_TONNEKM","A","2014",2453,
"DNK","FREIGHTTRANSP","RAIL","MLN_TONNEKM","A","2015",2603,
"DNK","FREIGHTTRANSP","RAIL","MLN_TONNEKM","A","2016",2575,
"DNK","FREIGHTTRANSP","RAIL","MLN_TONNEKM","A","2017",2653,
"DNK","FREIGHTTRANSP","RAIL","MLN_TONNEKM","A","2018",2592,
"FIN","FREIGHTTRANSP","RAIL","MLN_TONNEKM","A","1998",9885,
"FIN","FREIGHTTRANSP","RAIL","MLN_TONNEKM","A","1999",9753,
"FIN","FREIGHTTRANSP","RAIL","MLN_TONNEKM","A","2000",10107,
"FIN","FREIGHTTRANSP","RAIL","MLN_TONNEKM","A","2001",9857,
"FIN","FREIGHTTRANSP","RAIL","MLN_TONNEKM","A","2002",9664,
"FIN","FREIGHTTRANSP","RAIL","MLN_TONNEKM","A","2003",10047,
"FIN","FREIGHTTRANSP","RAIL","MLN_TONNEKM","A","2004",10105,
"FIN","FREIGHTTRANSP","RAIL","MLN_TONNEKM","A","2005",9706,
"FIN","FREIGHTTRANSP","RAIL","MLN_TONNEKM","A","2006",11060,
"FIN","FREIGHTTRANSP","RAIL","MLN_TONNEKM","A","2007",10434,
"FIN","FREIGHTTRANSP","RAIL","MLN_TONNEKM","A","2008",10777,
"FIN","FREIGHTTRANSP","RAIL","MLN_TONNEKM","A","2009",8872,
"FIN","FREIGHTTRANSP","RAIL","MLN_TONNEKM","A","2010",9750,
"FIN","FREIGHTTRANSP","RAIL","MLN_TONNEKM","A","2011",9395,
"FIN","FREIGHTTRANSP","RAIL","MLN_TONNEKM","A","2012",9275,
"FIN","FREIGHTTRANSP","RAIL","MLN_TONNEKM","A","2013",9470,
"FIN","FREIGHTTRANSP","RAIL","MLN_TONNEKM","A","2014",9596,
"FIN","FREIGHTTRANSP","RAIL","MLN_TONNEKM","A","2015",8468,
"FIN","FREIGHTTRANSP","RAIL","MLN_TONNEKM","A","2016",9455,
"FIN","FREIGHTTRANSP","RAIL","MLN_TONNEKM","A","2017",10362,
"FIN","FREIGHTTRANSP","RAIL","MLN_TONNEKM","A","2018",11175,
"FIN","FREIGHTTRANSP","RAIL","MLN_TONNEKM","A","2019",10270,
"FRA","FREIGHTTRANSP","RAIL","MLN_TONNEKM","A","1998",52660,
"FRA","FREIGHTTRANSP","RAIL","MLN_TONNEKM","A","1999",52120,
"FRA","FREIGHTTRANSP","RAIL","MLN_TONNEKM","A","2000",55350,
"FRA","FREIGHTTRANSP","RAIL","MLN_TONNEKM","A","2001",50344,
"FRA","FREIGHTTRANSP","RAIL","MLN_TONNEKM","A","2002",49977,
"FRA","FREIGHTTRANSP","RAIL","MLN_TONNEKM","A","2003",46758,
"FRA","FREIGHTTRANSP","RAIL","MLN_TONNEKM","A","2004",45035,
"FRA","FREIGHTTRANSP","RAIL","MLN_TONNEKM","A","2005",39659,
"FRA","FREIGHTTRANSP","RAIL","MLN_TONNEKM","A","2006",41179,"B"
"FRA","FREIGHTTRANSP","RAIL","MLN_TONNEKM","A","2007",42612,
"FRA","FREIGHTTRANSP","RAIL","MLN_TONNEKM","A","2008",40436,
"FRA","FREIGHTTRANSP","RAIL","MLN_TONNEKM","A","2009",32129,
"FRA","FREIGHTTRANSP","RAIL","MLN_TONNEKM","A","2010",29965,
"FRA","FREIGHTTRANSP","RAIL","MLN_TONNEKM","A","2011",34202,
"FRA","FREIGHTTRANSP","RAIL","MLN_TONNEKM","A","2012",32539,
"FRA","FREIGHTTRANSP","RAIL","MLN_TONNEKM","A","2013",32230,
"FRA","FREIGHTTRANSP","RAIL","MLN_TONNEKM","A","2014",32596,
"FRA","FREIGHTTRANSP","RAIL","MLN_TONNEKM","A","2015",34252,
"FRA","FREIGHTTRANSP","RAIL","MLN_TONNEKM","A","2016",32569,
"FRA","FREIGHTTRANSP","RAIL","MLN_TONNEKM","A","2017",33442,
"FRA","FREIGHTTRANSP","RAIL","MLN_TONNEKM","A","2018",32039,
"FRA","FREIGHTTRANSP","RAIL","MLN_TONNEKM","A","2019",31829,
"DEU","FREIGHTTRANSP","RAIL","MLN_TONNEKM","A","1998",74200,
"DEU","FREIGHTTRANSP","RAIL","MLN_TONNEKM","A","1999",71900,
"DEU","FREIGHTTRANSP","RAIL","MLN_TONNEKM","A","2000",77500,
"DEU","FREIGHTTRANSP","RAIL","MLN_TONNEKM","A","2001",76165,
"DEU","FREIGHTTRANSP","RAIL","MLN_TONNEKM","A","2002",76283,
"DEU","FREIGHTTRANSP","RAIL","MLN_TONNEKM","A","2003",79841,
"DEU","FREIGHTTRANSP","RAIL","MLN_TONNEKM","A","2004",86409,
"DEU","FREIGHTTRANSP","RAIL","MLN_TONNEKM","A","2005",95421,
"DEU","FREIGHTTRANSP","RAIL","MLN_TONNEKM","A","2006",107008,
"DEU","FREIGHTTRANSP","RAIL","MLN_TONNEKM","A","2007",114615,
"DEU","FREIGHTTRANSP","RAIL","MLN_TONNEKM","A","2008",115652,
"DEU","FREIGHTTRANSP","RAIL","MLN_TONNEKM","A","2009",95834,
"DEU","FREIGHTTRANSP","RAIL","MLN_TONNEKM","A","2010",107317,
"DEU","FREIGHTTRANSP","RAIL","MLN_TONNEKM","A","2011",113317,
"DEU","FREIGHTTRANSP","RAIL","MLN_TONNEKM","A","2012",110065,
"DEU","FREIGHTTRANSP","RAIL","MLN_TONNEKM","A","2013",112613,
"DEU","FREIGHTTRANSP","RAIL","MLN_TONNEKM","A","2014",112629,
"DEU","FREIGHTTRANSP","RAIL","MLN_TONNEKM","A","2015",116632,
"DEU","FREIGHTTRANSP","RAIL","MLN_TONNEKM","A","2016",128866,"B"
"DEU","FREIGHTTRANSP","RAIL","MLN_TONNEKM","A","2017",131204,
"DEU","FREIGHTTRANSP","RAIL","MLN_TONNEKM","A","2018",129991,
"DEU","FREIGHTTRANSP","RAIL","MLN_TONNEKM","A","2019",113114,"P"
"GRC","FREIGHTTRANSP","RAIL","MLN_TONNEKM","A","1998",318,
"GRC","FREIGHTTRANSP","RAIL","MLN_TONNEKM","A","1999",384,
"GRC","FREIGHTTRANSP","RAIL","MLN_TONNEKM","A","2000",426,
"GRC","FREIGHTTRANSP","RAIL","MLN_TONNEKM","A","2001",379,
"GRC","FREIGHTTRANSP","RAIL","MLN_TONNEKM","A","2002",327,
"GRC","FREIGHTTRANSP","RAIL","MLN_TONNEKM","A","2003",456,
"GRC","FREIGHTTRANSP","RAIL","MLN_TONNEKM","A","2004",592,
"GRC","FREIGHTTRANSP","RAIL","MLN_TONNEKM","A","2005",613,
"GRC","FREIGHTTRANSP","RAIL","MLN_TONNEKM","A","2006",662,
"GRC","FREIGHTTRANSP","RAIL","MLN_TONNEKM","A","2007",835,
"GRC","FREIGHTTRANSP","RAIL","MLN_TONNEKM","A","2008",786,
"GRC","FREIGHTTRANSP","RAIL","MLN_TONNEKM","A","2009",537,
"GRC","FREIGHTTRANSP","RAIL","MLN_TONNEKM","A","2010",601,
"GRC","FREIGHTTRANSP","RAIL","MLN_TONNEKM","A","2011",352,
"GRC","FREIGHTTRANSP","RAIL","MLN_TONNEKM","A","2012",283,"E"
"GRC","FREIGHTTRANSP","RAIL","MLN_TONNEKM","A","2013",238,"E"
"GRC","FREIGHTTRANSP","RAIL","MLN_TONNEKM","A","2014",343,"E"
"GRC","FREIGHTTRANSP","RAIL","MLN_TONNEKM","A","2015",294,
"GRC","FREIGHTTRANSP","RAIL","MLN_TONNEKM","A","2016",254,
"GRC","FREIGHTTRANSP","RAIL","MLN_TONNEKM","A","2017",358,
"GRC","FREIGHTTRANSP","RAIL","MLN_TONNEKM","A","2018",408,
"GRC","FREIGHTTRANSP","RAIL","MLN_TONNEKM","A","2019",491,
"HUN","FREIGHTTRANSP","RAIL","MLN_TONNEKM","A","1998",8150,
"HUN","FREIGHTTRANSP","RAIL","MLN_TONNEKM","A","1999",7734,
"HUN","FREIGHTTRANSP","RAIL","MLN_TONNEKM","A","2000",8095,
"HUN","FREIGHTTRANSP","RAIL","MLN_TONNEKM","A","2001",7731,
"HUN","FREIGHTTRANSP","RAIL","MLN_TONNEKM","A","2002",7752,
"HUN","FREIGHTTRANSP","RAIL","MLN_TONNEKM","A","2003",8109,
"HUN","FREIGHTTRANSP","RAIL","MLN_TONNEKM","A","2004",8749,
"HUN","FREIGHTTRANSP","RAIL","MLN_TONNEKM","A","2005",9090,
"HUN","FREIGHTTRANSP","RAIL","MLN_TONNEKM","A","2006",10167,
"HUN","FREIGHTTRANSP","RAIL","MLN_TONNEKM","A","2007",10137,
"HUN","FREIGHTTRANSP","RAIL","MLN_TONNEKM","A","2008",9874,
"HUN","FREIGHTTRANSP","RAIL","MLN_TONNEKM","A","2009",7673,
"HUN","FREIGHTTRANSP","RAIL","MLN_TONNEKM","A","2010",8809,
"HUN","FREIGHTTRANSP","RAIL","MLN_TONNEKM","A","2011",9118,
"HUN","FREIGHTTRANSP","RAIL","MLN_TONNEKM","A","2012",9230,
"HUN","FREIGHTTRANSP","RAIL","MLN_TONNEKM","A","2013",9722,
"HUN","FREIGHTTRANSP","RAIL","MLN_TONNEKM","A","2014",10158,
"HUN","FREIGHTTRANSP","RAIL","MLN_TONNEKM","A","2015",10009.615,
"HUN","FREIGHTTRANSP","RAIL","MLN_TONNEKM","A","2016",10527.534,
"HUN","FREIGHTTRANSP","RAIL","MLN_TONNEKM","A","2017",11344.565,
"HUN","FREIGHTTRANSP","RAIL","MLN_TONNEKM","A","2018",10584.08,
"HUN","FREIGHTTRANSP","RAIL","MLN_TONNEKM","A","2019",10624.909,
"ISL","FREIGHTTRANSP","RAIL","MLN_TONNEKM","A","1998",,"M"
"ISL","FREIGHTTRANSP","RAIL","MLN_TONNEKM","A","1999",,"M"
"ISL","FREIGHTTRANSP","RAIL","MLN_TONNEKM","A","2000",,"M"
"ISL","FREIGHTTRANSP","RAIL","MLN_TONNEKM","A","2001",,"M"
"ISL","FREIGHTTRANSP","RAIL","MLN_TONNEKM","A","2002",,"M"
"ISL","FREIGHTTRANSP","RAIL","MLN_TONNEKM","A","2003",,"M"
"ISL","FREIGHTTRANSP","RAIL","MLN_TONNEKM","A","2004",,"M"
"ISL","FREIGHTTRANSP","RAIL","MLN_TONNEKM","A","2005",,"M"
"ISL","FREIGHTTRANSP","RAIL","MLN_TONNEKM","A","2006",,"M"
"ISL","FREIGHTTRANSP","RAIL","MLN_TONNEKM","A","2007",,"M"
"ISL","FREIGHTTRANSP","RAIL","MLN_TONNEKM","A","2008",,"M"
"ISL","FREIGHTTRANSP","RAIL","MLN_TONNEKM","A","2009",,"M"
"ISL","FREIGHTTRANSP","RAIL","MLN_TONNEKM","A","2010",,"M"
"ISL","FREIGHTTRANSP","RAIL","MLN_TONNEKM","A","2011",,"M"
"ISL","FREIGHTTRANSP","RAIL","MLN_TONNEKM","A","2012",,"M"
"ISL","FREIGHTTRANSP","RAIL","MLN_TONNEKM","A","2013",,"M"
"ISL","FREIGHTTRANSP","RAIL","MLN_TONNEKM","A","2014",,"M"
"ISL","FREIGHTTRANSP","RAIL","MLN_TONNEKM","A","2015",,"M"
"ISL","FREIGHTTRANSP","RAIL","MLN_TONNEKM","A","2016",,"M"
"ISL","FREIGHTTRANSP","RAIL","MLN_TONNEKM","A","2017",,"M"
"ISL","FREIGHTTRANSP","RAIL","MLN_TONNEKM","A","2018",,"M"
"ISL","FREIGHTTRANSP","RAIL","MLN_TONNEKM","A","2019",,"M"
"IRL","FREIGHTTRANSP","RAIL","MLN_TONNEKM","A","1998",466,
"IRL","FREIGHTTRANSP","RAIL","MLN_TONNEKM","A","1999",526,
"IRL","FREIGHTTRANSP","RAIL","MLN_TONNEKM","A","2000",491,
"IRL","FREIGHTTRANSP","RAIL","MLN_TONNEKM","A","2001",516,
"IRL","FREIGHTTRANSP","RAIL","MLN_TONNEKM","A","2002",426,
"IRL","FREIGHTTRANSP","RAIL","MLN_TONNEKM","A","2003",398,
"IRL","FREIGHTTRANSP","RAIL","MLN_TONNEKM","A","2004",399,
"IRL","FREIGHTTRANSP","RAIL","MLN_TONNEKM","A","2005",303,
"IRL","FREIGHTTRANSP","RAIL","MLN_TONNEKM","A","2006",207,
"IRL","FREIGHTTRANSP","RAIL","MLN_TONNEKM","A","2007",129,
"IRL","FREIGHTTRANSP","RAIL","MLN_TONNEKM","A","2008",103,
"IRL","FREIGHTTRANSP","RAIL","MLN_TONNEKM","A","2009",79,
"IRL","FREIGHTTRANSP","RAIL","MLN_TONNEKM","A","2010",92,
"IRL","FREIGHTTRANSP","RAIL","MLN_TONNEKM","A","2011",105,
"IRL","FREIGHTTRANSP","RAIL","MLN_TONNEKM","A","2012",91,
"IRL","FREIGHTTRANSP","RAIL","MLN_TONNEKM","A","2013",99,
"IRL","FREIGHTTRANSP","RAIL","MLN_TONNEKM","A","2014",100,
"IRL","FREIGHTTRANSP","RAIL","MLN_TONNEKM","A","2015",96,
"IRL","FREIGHTTRANSP","RAIL","MLN_TONNEKM","A","2016",101,
"IRL","FREIGHTTRANSP","RAIL","MLN_TONNEKM","A","2017",100,
"IRL","FREIGHTTRANSP","RAIL","MLN_TONNEKM","A","2018",73,
"IRL","FREIGHTTRANSP","RAIL","MLN_TONNEKM","A","2019",72,
"ITA","FREIGHTTRANSP","RAIL","MLN_TONNEKM","A","1998",24704,
"ITA","FREIGHTTRANSP","RAIL","MLN_TONNEKM","A","1999",23781,
"ITA","FREIGHTTRANSP","RAIL","MLN_TONNEKM","A","2000",25839,
"ITA","FREIGHTTRANSP","RAIL","MLN_TONNEKM","A","2001",24352,
"ITA","FREIGHTTRANSP","RAIL","MLN_TONNEKM","A","2002",23060,
"ITA","FREIGHTTRANSP","RAIL","MLN_TONNEKM","A","2003",22457,
"ITA","FREIGHTTRANSP","RAIL","MLN_TONNEKM","A","2004",23271,"B"
"ITA","FREIGHTTRANSP","RAIL","MLN_TONNEKM","A","2005",22199,
"ITA","FREIGHTTRANSP","RAIL","MLN_TONNEKM","A","2006",22907,
"ITA","FREIGHTTRANSP","RAIL","MLN_TONNEKM","A","2007",23289,
"ITA","FREIGHTTRANSP","RAIL","MLN_TONNEKM","A","2008",21981,
"ITA","FREIGHTTRANSP","RAIL","MLN_TONNEKM","A","2009",17791,
"ITA","FREIGHTTRANSP","RAIL","MLN_TONNEKM","A","2010",18616,
"ITA","FREIGHTTRANSP","RAIL","MLN_TONNEKM","A","2011",19787,
"ITA","FREIGHTTRANSP","RAIL","MLN_TONNEKM","A","2012",20244,
"ITA","FREIGHTTRANSP","RAIL","MLN_TONNEKM","A","2013",19037,
"ITA","FREIGHTTRANSP","RAIL","MLN_TONNEKM","A","2014",20157,
"ITA","FREIGHTTRANSP","RAIL","MLN_TONNEKM","A","2015",20781,
"ITA","FREIGHTTRANSP","RAIL","MLN_TONNEKM","A","2016",22712,"B"
"ITA","FREIGHTTRANSP","RAIL","MLN_TONNEKM","A","2017",22335,
"ITA","FREIGHTTRANSP","RAIL","MLN_TONNEKM","A","2018",22070,"P"
"ITA","FREIGHTTRANSP","RAIL","MLN_TONNEKM","A","2019",21309,"P"
"JPN","FREIGHTTRANSP","RAIL","MLN_TONNEKM","A","1998",22920,
"JPN","FREIGHTTRANSP","RAIL","MLN_TONNEKM","A","1999",22541,
"JPN","FREIGHTTRANSP","RAIL","MLN_TONNEKM","A","2000",22136,
"JPN","FREIGHTTRANSP","RAIL","MLN_TONNEKM","A","2001",22193,
"JPN","FREIGHTTRANSP","RAIL","MLN_TONNEKM","A","2002",22131,
"JPN","FREIGHTTRANSP","RAIL","MLN_TONNEKM","A","2003",22794,
"JPN","FREIGHTTRANSP","RAIL","MLN_TONNEKM","A","2004",22476,
"JPN","FREIGHTTRANSP","RAIL","MLN_TONNEKM","A","2005",22813,
"JPN","FREIGHTTRANSP","RAIL","MLN_TONNEKM","A","2006",23192,
"JPN","FREIGHTTRANSP","RAIL","MLN_TONNEKM","A","2007",23334,
"JPN","FREIGHTTRANSP","RAIL","MLN_TONNEKM","A","2008",22256,
"JPN","FREIGHTTRANSP","RAIL","MLN_TONNEKM","A","2009",20562,
"JPN","FREIGHTTRANSP","RAIL","MLN_TONNEKM","A","2010",20398,
"JPN","FREIGHTTRANSP","RAIL","MLN_TONNEKM","A","2011",19998,
"JPN","FREIGHTTRANSP","RAIL","MLN_TONNEKM","A","2012",20471,
"JPN","FREIGHTTRANSP","RAIL","MLN_TONNEKM","A","2013",21071,
"JPN","FREIGHTTRANSP","RAIL","MLN_TONNEKM","A","2014",21029,
"JPN","FREIGHTTRANSP","RAIL","MLN_TONNEKM","A","2015",21519,
"JPN","FREIGHTTRANSP","RAIL","MLN_TONNEKM","A","2016",21265,
"JPN","FREIGHTTRANSP","RAIL","MLN_TONNEKM","A","2017",21663,
"JPN","FREIGHTTRANSP","RAIL","MLN_TONNEKM","A","2018",19369,
"JPN","FREIGHTTRANSP","RAIL","MLN_TONNEKM","A","2019",20117,
"KOR","FREIGHTTRANSP","RAIL","MLN_TONNEKM","A","1998",10372,
"KOR","FREIGHTTRANSP","RAIL","MLN_TONNEKM","A","1999",10072,
"KOR","FREIGHTTRANSP","RAIL","MLN_TONNEKM","A","2000",10803,
"KOR","FREIGHTTRANSP","RAIL","MLN_TONNEKM","A","2001",10492,
"KOR","FREIGHTTRANSP","RAIL","MLN_TONNEKM","A","2002",10784,
"KOR","FREIGHTTRANSP","RAIL","MLN_TONNEKM","A","2003",11057,
"KOR","FREIGHTTRANSP","RAIL","MLN_TONNEKM","A","2004",10641,
"KOR","FREIGHTTRANSP","RAIL","MLN_TONNEKM","A","2005",10108,
"KOR","FREIGHTTRANSP","RAIL","MLN_TONNEKM","A","2006",10554,
"KOR","FREIGHTTRANSP","RAIL","MLN_TONNEKM","A","2007",10927,
"KOR","FREIGHTTRANSP","RAIL","MLN_TONNEKM","A","2008",11566,
"KOR","FREIGHTTRANSP","RAIL","MLN_TONNEKM","A","2009",9273,
"KOR","FREIGHTTRANSP","RAIL","MLN_TONNEKM","A","2010",9452,
"KOR","FREIGHTTRANSP","RAIL","MLN_TONNEKM","A","2011",9997,
"KOR","FREIGHTTRANSP","RAIL","MLN_TONNEKM","A","2012",10271,
"KOR","FREIGHTTRANSP","RAIL","MLN_TONNEKM","A","2013",10459,
"KOR","FREIGHTTRANSP","RAIL","MLN_TONNEKM","A","2014",9564,
"KOR","FREIGHTTRANSP","RAIL","MLN_TONNEKM","A","2015",9479,
"KOR","FREIGHTTRANSP","RAIL","MLN_TONNEKM","A","2016",8414,
"KOR","FREIGHTTRANSP","RAIL","MLN_TONNEKM","A","2017",8229,
"KOR","FREIGHTTRANSP","RAIL","MLN_TONNEKM","A","2018",7878,
"KOR","FREIGHTTRANSP","RAIL","MLN_TONNEKM","A","2019",7357,
"LUX","FREIGHTTRANSP","RAIL","MLN_TONNEKM","A","1998",561,
"LUX","FREIGHTTRANSP","RAIL","MLN_TONNEKM","A","1999",609,
"LUX","FREIGHTTRANSP","RAIL","MLN_TONNEKM","A","2000",633,
"LUX","FREIGHTTRANSP","RAIL","MLN_TONNEKM","A","2001",587,
"LUX","FREIGHTTRANSP","RAIL","MLN_TONNEKM","A","2002",571,
"LUX","FREIGHTTRANSP","RAIL","MLN_TONNEKM","A","2003",523,
"LUX","FREIGHTTRANSP","RAIL","MLN_TONNEKM","A","2004",559,
"LUX","FREIGHTTRANSP","RAIL","MLN_TONNEKM","A","2005",392,
"LUX","FREIGHTTRANSP","RAIL","MLN_TONNEKM","A","2006",441,
"LUX","FREIGHTTRANSP","RAIL","MLN_TONNEKM","A","2007",287,
"LUX","FREIGHTTRANSP","RAIL","MLN_TONNEKM","A","2008",280,
"LUX","FREIGHTTRANSP","RAIL","MLN_TONNEKM","A","2009",200,
"LUX","FREIGHTTRANSP","RAIL","MLN_TONNEKM","A","2010",309,
"LUX","FREIGHTTRANSP","RAIL","MLN_TONNEKM","A","2011",270,
"LUX","FREIGHTTRANSP","RAIL","MLN_TONNEKM","A","2012",231,
"LUX","FREIGHTTRANSP","RAIL","MLN_TONNEKM","A","2013",218,
"LUX","FREIGHTTRANSP","RAIL","MLN_TONNEKM","A","2014",208,
"LUX","FREIGHTTRANSP","RAIL","MLN_TONNEKM","A","2015",206.945675,
"LUX","FREIGHTTRANSP","RAIL","MLN_TONNEKM","A","2016",201.499302247,
"LUX","FREIGHTTRANSP","RAIL","MLN_TONNEKM","A","2017",213.657253404,
"LUX","FREIGHTTRANSP","RAIL","MLN_TONNEKM","A","2018",223.158399212,
"LUX","FREIGHTTRANSP","RAIL","MLN_TONNEKM","A","2019",191.152773984,
"MEX","FREIGHTTRANSP","RAIL","MLN_TONNEKM","A","1998",46874,
"MEX","FREIGHTTRANSP","RAIL","MLN_TONNEKM","A","1999",47273,
"MEX","FREIGHTTRANSP","RAIL","MLN_TONNEKM","A","2000",48333,
"MEX","FREIGHTTRANSP","RAIL","MLN_TONNEKM","A","2001",46615,
"MEX","FREIGHTTRANSP","RAIL","MLN_TONNEKM","A","2002",51616,
"MEX","FREIGHTTRANSP","RAIL","MLN_TONNEKM","A","2003",54132,
"MEX","FREIGHTTRANSP","RAIL","MLN_TONNEKM","A","2004",54387,
"MEX","FREIGHTTRANSP","RAIL","MLN_TONNEKM","A","2005",54054,"B"
"MEX","FREIGHTTRANSP","RAIL","MLN_TONNEKM","A","2006",66163,
"MEX","FREIGHTTRANSP","RAIL","MLN_TONNEKM","A","2007",77169,
"MEX","FREIGHTTRANSP","RAIL","MLN_TONNEKM","A","2008",74582,
"MEX","FREIGHTTRANSP","RAIL","MLN_TONNEKM","A","2009",69185,
"MEX","FREIGHTTRANSP","RAIL","MLN_TONNEKM","A","2010",78770,
"MEX","FREIGHTTRANSP","RAIL","MLN_TONNEKM","A","2011",79728,
"MEX","FREIGHTTRANSP","RAIL","MLN_TONNEKM","A","2012",79353,
"MEX","FREIGHTTRANSP","RAIL","MLN_TONNEKM","A","2013",77717,
"MEX","FREIGHTTRANSP","RAIL","MLN_TONNEKM","A","2014",80683,
"MEX","FREIGHTTRANSP","RAIL","MLN_TONNEKM","A","2015",83401,
"MEX","FREIGHTTRANSP","RAIL","MLN_TONNEKM","A","2016",84683,
"MEX","FREIGHTTRANSP","RAIL","MLN_TONNEKM","A","2017",86316,
"MEX","FREIGHTTRANSP","RAIL","MLN_TONNEKM","A","2018",87924,
"MEX","FREIGHTTRANSP","RAIL","MLN_TONNEKM","A","2019",89049,
"NLD","FREIGHTTRANSP","RAIL","MLN_TONNEKM","A","1998",3714,
"NLD","FREIGHTTRANSP","RAIL","MLN_TONNEKM","A","1999",3988,
"NLD","FREIGHTTRANSP","RAIL","MLN_TONNEKM","A","2000",4610,
"NLD","FREIGHTTRANSP","RAIL","MLN_TONNEKM","A","2001",4293,
"NLD","FREIGHTTRANSP","RAIL","MLN_TONNEKM","A","2002",4323,
"NLD","FREIGHTTRANSP","RAIL","MLN_TONNEKM","A","2003",4705,
"NLD","FREIGHTTRANSP","RAIL","MLN_TONNEKM","A","2004",5831,
"NLD","FREIGHTTRANSP","RAIL","MLN_TONNEKM","A","2005",5914,
"NLD","FREIGHTTRANSP","RAIL","MLN_TONNEKM","A","2006",6289,
"NLD","FREIGHTTRANSP","RAIL","MLN_TONNEKM","A","2007",7216,
"NLD","FREIGHTTRANSP","RAIL","MLN_TONNEKM","A","2008",6984,
"NLD","FREIGHTTRANSP","RAIL","MLN_TONNEKM","A","2009",5578,
"NLD","FREIGHTTRANSP","RAIL","MLN_TONNEKM","A","2010",5925,
"NLD","FREIGHTTRANSP","RAIL","MLN_TONNEKM","A","2011",6378,
"NLD","FREIGHTTRANSP","RAIL","MLN_TONNEKM","A","2012",6142,
"NLD","FREIGHTTRANSP","RAIL","MLN_TONNEKM","A","2013",6078,
"NLD","FREIGHTTRANSP","RAIL","MLN_TONNEKM","A","2014",6169,
"NLD","FREIGHTTRANSP","RAIL","MLN_TONNEKM","A","2015",6545,
"NLD","FREIGHTTRANSP","RAIL","MLN_TONNEKM","A","2016",6641,
"NLD","FREIGHTTRANSP","RAIL","MLN_TONNEKM","A","2017",6467,
"NLD","FREIGHTTRANSP","RAIL","MLN_TONNEKM","A","2018",7026,
"NLD","FREIGHTTRANSP","RAIL","MLN_TONNEKM","A","2019",7018,
"NZL","FREIGHTTRANSP","RAIL","MLN_TONNEKM","A","1999",3671,
"NZL","FREIGHTTRANSP","RAIL","MLN_TONNEKM","A","2000",4078,
"NZL","FREIGHTTRANSP","RAIL","MLN_TONNEKM","A","2001",3942,
"NZL","FREIGHTTRANSP","RAIL","MLN_TONNEKM","A","2002",3766,
"NZL","FREIGHTTRANSP","RAIL","MLN_TONNEKM","A","2003",3853,
"NZL","FREIGHTTRANSP","RAIL","MLN_TONNEKM","A","2004",3904,
"NZL","FREIGHTTRANSP","RAIL","MLN_TONNEKM","A","2005",4322,"B"
"NZL","FREIGHTTRANSP","RAIL","MLN_TONNEKM","A","2006",4312,
"NZL","FREIGHTTRANSP","RAIL","MLN_TONNEKM","A","2007",4329,
"NZL","FREIGHTTRANSP","RAIL","MLN_TONNEKM","A","2008",4556,
"NZL","FREIGHTTRANSP","RAIL","MLN_TONNEKM","A","2009",3962,
"NZL","FREIGHTTRANSP","RAIL","MLN_TONNEKM","A","2010",3919,
"NZL","FREIGHTTRANSP","RAIL","MLN_TONNEKM","A","2011",4178,
"NZL","FREIGHTTRANSP","RAIL","MLN_TONNEKM","A","2012",4768.056076,
"NZL","FREIGHTTRANSP","RAIL","MLN_TONNEKM","A","2013",4679.200692,
"NZL","FREIGHTTRANSP","RAIL","MLN_TONNEKM","A","2014",4492.652586,
"NZL","FREIGHTTRANSP","RAIL","MLN_TONNEKM","A","2015",4348.553709,
"NZL","FREIGHTTRANSP","RAIL","MLN_TONNEKM","A","2016",4189.628417,
"NZL","FREIGHTTRANSP","RAIL","MLN_TONNEKM","A","2017",3618.534146,
"NZL","FREIGHTTRANSP","RAIL","MLN_TONNEKM","A","2018",3856.591875,
"NZL","FREIGHTTRANSP","RAIL","MLN_TONNEKM","A","2019",3830.336135,
"NOR","FREIGHTTRANSP","RAIL","MLN_TONNEKM","A","1998",1934,
"NOR","FREIGHTTRANSP","RAIL","MLN_TONNEKM","A","1999",1817,
"NOR","FREIGHTTRANSP","RAIL","MLN_TONNEKM","A","2000",1775,
"NOR","FREIGHTTRANSP","RAIL","MLN_TONNEKM","A","2001",1933,
"NOR","FREIGHTTRANSP","RAIL","MLN_TONNEKM","A","2002",1686,
"NOR","FREIGHTTRANSP","RAIL","MLN_TONNEKM","A","2003",2626,"B"
"NOR","FREIGHTTRANSP","RAIL","MLN_TONNEKM","A","2004",2845,
"NOR","FREIGHTTRANSP","RAIL","MLN_TONNEKM","A","2005",3149,
"NOR","FREIGHTTRANSP","RAIL","MLN_TONNEKM","A","2006",3351,
"NOR","FREIGHTTRANSP","RAIL","MLN_TONNEKM","A","2007",3502,
"NOR","FREIGHTTRANSP","RAIL","MLN_TONNEKM","A","2008",3622,
"NOR","FREIGHTTRANSP","RAIL","MLN_TONNEKM","A","2009",3506,
"NOR","FREIGHTTRANSP","RAIL","MLN_TONNEKM","A","2010",3498,
"NOR","FREIGHTTRANSP","RAIL","MLN_TONNEKM","A","2011",3574,
"NOR","FREIGHTTRANSP","RAIL","MLN_TONNEKM","A","2012",3582,
"NOR","FREIGHTTRANSP","RAIL","MLN_TONNEKM","A","2013",3513,
"NOR","FREIGHTTRANSP","RAIL","MLN_TONNEKM","A","2014",3682,
"NOR","FREIGHTTRANSP","RAIL","MLN_TONNEKM","A","2015",3631,
"NOR","FREIGHTTRANSP","RAIL","MLN_TONNEKM","A","2016",3823,
"NOR","FREIGHTTRANSP","RAIL","MLN_TONNEKM","A","2017",4040,
"NOR","FREIGHTTRANSP","RAIL","MLN_TONNEKM","A","2018",3970,
"NOR","FREIGHTTRANSP","RAIL","MLN_TONNEKM","A","2019",3903,
"POL","FREIGHTTRANSP","RAIL","MLN_TONNEKM","A","1998",61760,
"POL","FREIGHTTRANSP","RAIL","MLN_TONNEKM","A","1999",55471,
"POL","FREIGHTTRANSP","RAIL","MLN_TONNEKM","A","2000",54448,
"POL","FREIGHTTRANSP","RAIL","MLN_TONNEKM","A","2001",47913,
"POL","FREIGHTTRANSP","RAIL","MLN_TONNEKM","A","2002",47756,
"POL","FREIGHTTRANSP","RAIL","MLN_TONNEKM","A","2003",49549,
"POL","FREIGHTTRANSP","RAIL","MLN_TONNEKM","A","2004",52137,
"POL","FREIGHTTRANSP","RAIL","MLN_TONNEKM","A","2005",49779,
"POL","FREIGHTTRANSP","RAIL","MLN_TONNEKM","A","2006",53427,
"POL","FREIGHTTRANSP","RAIL","MLN_TONNEKM","A","2007",54253,
"POL","FREIGHTTRANSP","RAIL","MLN_TONNEKM","A","2008",52043,
"POL","FREIGHTTRANSP","RAIL","MLN_TONNEKM","A","2009",43554,
"POL","FREIGHTTRANSP","RAIL","MLN_TONNEKM","A","2010",48795,
"POL","FREIGHTTRANSP","RAIL","MLN_TONNEKM","A","2011",53746,
"POL","FREIGHTTRANSP","RAIL","MLN_TONNEKM","A","2012",48903,
"POL","FREIGHTTRANSP","RAIL","MLN_TONNEKM","A","2013",50881,
"POL","FREIGHTTRANSP","RAIL","MLN_TONNEKM","A","2014",50073,
"POL","FREIGHTTRANSP","RAIL","MLN_TONNEKM","A","2015",50602.9,
"POL","FREIGHTTRANSP","RAIL","MLN_TONNEKM","A","2016",50650,
"POL","FREIGHTTRANSP","RAIL","MLN_TONNEKM","A","2017",54797,
"POL","FREIGHTTRANSP","RAIL","MLN_TONNEKM","A","2018",59388,
"POL","FREIGHTTRANSP","RAIL","MLN_TONNEKM","A","2019",54584,
"PRT","FREIGHTTRANSP","RAIL","MLN_TONNEKM","A","1998",2048,
"PRT","FREIGHTTRANSP","RAIL","MLN_TONNEKM","A","1999",2179,
"PRT","FREIGHTTRANSP","RAIL","MLN_TONNEKM","A","2000",2183,
"PRT","FREIGHTTRANSP","RAIL","MLN_TONNEKM","A","2001",2138,
"PRT","FREIGHTTRANSP","RAIL","MLN_TONNEKM","A","2002",2196,
"PRT","FREIGHTTRANSP","RAIL","MLN_TONNEKM","A","2003",2073,
"PRT","FREIGHTTRANSP","RAIL","MLN_TONNEKM","A","2004",2282,
"PRT","FREIGHTTRANSP","RAIL","MLN_TONNEKM","A","2005",2422,
"PRT","FREIGHTTRANSP","RAIL","MLN_TONNEKM","A","2006",2529,
"PRT","FREIGHTTRANSP","RAIL","MLN_TONNEKM","A","2007",2586,
"PRT","FREIGHTTRANSP","RAIL","MLN_TONNEKM","A","2008",2549,
"PRT","FREIGHTTRANSP","RAIL","MLN_TONNEKM","A","2009",2174,
"PRT","FREIGHTTRANSP","RAIL","MLN_TONNEKM","A","2010",2313,
"PRT","FREIGHTTRANSP","RAIL","MLN_TONNEKM","A","2011",2322,
"PRT","FREIGHTTRANSP","RAIL","MLN_TONNEKM","A","2012",2421,
"PRT","FREIGHTTRANSP","RAIL","MLN_TONNEKM","A","2013",2290,
"PRT","FREIGHTTRANSP","RAIL","MLN_TONNEKM","A","2014",2438,
"PRT","FREIGHTTRANSP","RAIL","MLN_TONNEKM","A","2015",2661,
"PRT","FREIGHTTRANSP","RAIL","MLN_TONNEKM","A","2016",2622,
"PRT","FREIGHTTRANSP","RAIL","MLN_TONNEKM","A","2017",2742,
"PRT","FREIGHTTRANSP","RAIL","MLN_TONNEKM","A","2018",2863,
"PRT","FREIGHTTRANSP","RAIL","MLN_TONNEKM","A","2019",2701,"P"
"SVK","FREIGHTTRANSP","RAIL","MLN_TONNEKM","A","1998",11753,
"SVK","FREIGHTTRANSP","RAIL","MLN_TONNEKM","A","1999",9859,
"SVK","FREIGHTTRANSP","RAIL","MLN_TONNEKM","A","2000",11234,
"SVK","FREIGHTTRANSP","RAIL","MLN_TONNEKM","A","2001",10929,
"SVK","FREIGHTTRANSP","RAIL","MLN_TONNEKM","A","2002",10383,
"SVK","FREIGHTTRANSP","RAIL","MLN_TONNEKM","A","2003",10113,
"SVK","FREIGHTTRANSP","RAIL","MLN_TONNEKM","A","2004",9702,
"SVK","FREIGHTTRANSP","RAIL","MLN_TONNEKM","A","2005",9463,
"SVK","FREIGHTTRANSP","RAIL","MLN_TONNEKM","A","2006",9988,
"SVK","FREIGHTTRANSP","RAIL","MLN_TONNEKM","A","2007",9647,
"SVK","FREIGHTTRANSP","RAIL","MLN_TONNEKM","A","2008",9299,
"SVK","FREIGHTTRANSP","RAIL","MLN_TONNEKM","A","2009",6964,
"SVK","FREIGHTTRANSP","RAIL","MLN_TONNEKM","A","2010",8105,
"SVK","FREIGHTTRANSP","RAIL","MLN_TONNEKM","A","2011",7960,
"SVK","FREIGHTTRANSP","RAIL","MLN_TONNEKM","A","2012",7591,
"SVK","FREIGHTTRANSP","RAIL","MLN_TONNEKM","A","2013",8494,
"SVK","FREIGHTTRANSP","RAIL","MLN_TONNEKM","A","2014",8829,
"SVK","FREIGHTTRANSP","RAIL","MLN_TONNEKM","A","2015",8439,
"SVK","FREIGHTTRANSP","RAIL","MLN_TONNEKM","A","2016",9111,
"SVK","FREIGHTTRANSP","RAIL","MLN_TONNEKM","A","2017",8486,
"SVK","FREIGHTTRANSP","RAIL","MLN_TONNEKM","A","2018",8691,
"SVK","FREIGHTTRANSP","RAIL","MLN_TONNEKM","A","2019",8480,
"ESP","FREIGHTTRANSP","RAIL","MLN_TONNEKM","A","1998",11800,
"ESP","FREIGHTTRANSP","RAIL","MLN_TONNEKM","A","1999",12035,
"ESP","FREIGHTTRANSP","RAIL","MLN_TONNEKM","A","2000",12171,
"ESP","FREIGHTTRANSP","RAIL","MLN_TONNEKM","A","2001",12322,
"ESP","FREIGHTTRANSP","RAIL","MLN_TONNEKM","A","2002",12247,
"ESP","FREIGHTTRANSP","RAIL","MLN_TONNEKM","A","2003",12411,
"ESP","FREIGHTTRANSP","RAIL","MLN_TONNEKM","A","2004",12018,
"ESP","FREIGHTTRANSP","RAIL","MLN_TONNEKM","A","2005",11641,
"ESP","FREIGHTTRANSP","RAIL","MLN_TONNEKM","A","2006",11599,
"ESP","FREIGHTTRANSP","RAIL","MLN_TONNEKM","A","2007",11212,"B"
"ESP","FREIGHTTRANSP","RAIL","MLN_TONNEKM","A","2008",10662,
"ESP","FREIGHTTRANSP","RAIL","MLN_TONNEKM","A","2009",7714,
"ESP","FREIGHTTRANSP","RAIL","MLN_TONNEKM","A","2010",8577,
"ESP","FREIGHTTRANSP","RAIL","MLN_TONNEKM","A","2011",9593,
"ESP","FREIGHTTRANSP","RAIL","MLN_TONNEKM","A","2012",9390,
"ESP","FREIGHTTRANSP","RAIL","MLN_TONNEKM","A","2013",9366,
"ESP","FREIGHTTRANSP","RAIL","MLN_TONNEKM","A","2014",10303,
"ESP","FREIGHTTRANSP","RAIL","MLN_TONNEKM","A","2015",10812,
"ESP","FREIGHTTRANSP","RAIL","MLN_TONNEKM","A","2016",10644,
"ESP","FREIGHTTRANSP","RAIL","MLN_TONNEKM","A","2017",10507,
"ESP","FREIGHTTRANSP","RAIL","MLN_TONNEKM","A","2018",10792,
"SWE","FREIGHTTRANSP","RAIL","MLN_TONNEKM","A","1998",19163,
"SWE","FREIGHTTRANSP","RAIL","MLN_TONNEKM","A","1999",19090,
"SWE","FREIGHTTRANSP","RAIL","MLN_TONNEKM","A","2000",20088,
"SWE","FREIGHTTRANSP","RAIL","MLN_TONNEKM","A","2001",19547,
"SWE","FREIGHTTRANSP","RAIL","MLN_TONNEKM","A","2002",19197,"B"
"SWE","FREIGHTTRANSP","RAIL","MLN_TONNEKM","A","2003",20170,
"SWE","FREIGHTTRANSP","RAIL","MLN_TONNEKM","A","2004",20856,
"SWE","FREIGHTTRANSP","RAIL","MLN_TONNEKM","A","2005",21675,
"SWE","FREIGHTTRANSP","RAIL","MLN_TONNEKM","A","2006",22271,
"SWE","FREIGHTTRANSP","RAIL","MLN_TONNEKM","A","2007",23250,
"SWE","FREIGHTTRANSP","RAIL","MLN_TONNEKM","A","2008",22924,
"SWE","FREIGHTTRANSP","RAIL","MLN_TONNEKM","A","2009",20389,"B"
"SWE","FREIGHTTRANSP","RAIL","MLN_TONNEKM","A","2010",23464,
"SWE","FREIGHTTRANSP","RAIL","MLN_TONNEKM","A","2011",22864,
"SWE","FREIGHTTRANSP","RAIL","MLN_TONNEKM","A","2012",22043,
"SWE","FREIGHTTRANSP","RAIL","MLN_TONNEKM","A","2013",20970,
"SWE","FREIGHTTRANSP","RAIL","MLN_TONNEKM","A","2014",21296,
"SWE","FREIGHTTRANSP","RAIL","MLN_TONNEKM","A","2015",20699,
"SWE","FREIGHTTRANSP","RAIL","MLN_TONNEKM","A","2016",21406,
"SWE","FREIGHTTRANSP","RAIL","MLN_TONNEKM","A","2017",21838,
"SWE","FREIGHTTRANSP","RAIL","MLN_TONNEKM","A","2018",23357.550173732,"B"
"SWE","FREIGHTTRANSP","RAIL","MLN_TONNEKM","A","2019",22717.021416294,
"CHE","FREIGHTTRANSP","RAIL","MLN_TONNEKM","A","1998",9411,
"CHE","FREIGHTTRANSP","RAIL","MLN_TONNEKM","A","1999",9831,
"CHE","FREIGHTTRANSP","RAIL","MLN_TONNEKM","A","2000",11080,
"CHE","FREIGHTTRANSP","RAIL","MLN_TONNEKM","A","2001",11172,
"CHE","FREIGHTTRANSP","RAIL","MLN_TONNEKM","A","2002",10746,
"CHE","FREIGHTTRANSP","RAIL","MLN_TONNEKM","A","2003",10598,
"CHE","FREIGHTTRANSP","RAIL","MLN_TONNEKM","A","2004",11489,
"CHE","FREIGHTTRANSP","RAIL","MLN_TONNEKM","A","2005",11677,
"CHE","FREIGHTTRANSP","RAIL","MLN_TONNEKM","A","2006",12466,
"CHE","FREIGHTTRANSP","RAIL","MLN_TONNEKM","A","2007",11952,
"CHE","FREIGHTTRANSP","RAIL","MLN_TONNEKM","A","2008",12265,
"CHE","FREIGHTTRANSP","RAIL","MLN_TONNEKM","A","2009",10565,
"CHE","FREIGHTTRANSP","RAIL","MLN_TONNEKM","A","2010",11074,
"CHE","FREIGHTTRANSP","RAIL","MLN_TONNEKM","A","2011",11526,
"CHE","FREIGHTTRANSP","RAIL","MLN_TONNEKM","A","2012",11061,
"CHE","FREIGHTTRANSP","RAIL","MLN_TONNEKM","A","2013",11812,
"CHE","FREIGHTTRANSP","RAIL","MLN_TONNEKM","A","2014",12313,
"CHE","FREIGHTTRANSP","RAIL","MLN_TONNEKM","A","2015",12431,
"CHE","FREIGHTTRANSP","RAIL","MLN_TONNEKM","A","2016",12447,
"CHE","FREIGHTTRANSP","RAIL","MLN_TONNEKM","A","2017",11665,
"CHE","FREIGHTTRANSP","RAIL","MLN_TONNEKM","A","2018",11776,
"CHE","FREIGHTTRANSP","RAIL","MLN_TONNEKM","A","2019",11673,
"TUR","FREIGHTTRANSP","RAIL","MLN_TONNEKM","A","1998",8466,
"TUR","FREIGHTTRANSP","RAIL","MLN_TONNEKM","A","1999",8446,
"TUR","FREIGHTTRANSP","RAIL","MLN_TONNEKM","A","2000",9895,
"TUR","FREIGHTTRANSP","RAIL","MLN_TONNEKM","A","2001",7561,
"TUR","FREIGHTTRANSP","RAIL","MLN_TONNEKM","A","2002",7224,
"TUR","FREIGHTTRANSP","RAIL","MLN_TONNEKM","A","2003",8669,
"TUR","FREIGHTTRANSP","RAIL","MLN_TONNEKM","A","2004",9417,
"TUR","FREIGHTTRANSP","RAIL","MLN_TONNEKM","A","2005",9152,
"TUR","FREIGHTTRANSP","RAIL","MLN_TONNEKM","A","2006",9676,
"TUR","FREIGHTTRANSP","RAIL","MLN_TONNEKM","A","2007",9921,
"TUR","FREIGHTTRANSP","RAIL","MLN_TONNEKM","A","2008",10739,
"TUR","FREIGHTTRANSP","RAIL","MLN_TONNEKM","A","2009",10326,
"TUR","FREIGHTTRANSP","RAIL","MLN_TONNEKM","A","2010",11462,
"TUR","FREIGHTTRANSP","RAIL","MLN_TONNEKM","A","2011",11677,
"TUR","FREIGHTTRANSP","RAIL","MLN_TONNEKM","A","2012",11670,
"TUR","FREIGHTTRANSP","RAIL","MLN_TONNEKM","A","2013",11177,
"TUR","FREIGHTTRANSP","RAIL","MLN_TONNEKM","A","2014",11992,
"TUR","FREIGHTTRANSP","RAIL","MLN_TONNEKM","A","2015",10474,
"TUR","FREIGHTTRANSP","RAIL","MLN_TONNEKM","A","2016",11661,
"TUR","FREIGHTTRANSP","RAIL","MLN_TONNEKM","A","2017",12869,
"TUR","FREIGHTTRANSP","RAIL","MLN_TONNEKM","A","2018",14478,
"TUR","FREIGHTTRANSP","RAIL","MLN_TONNEKM","A","2019",14707,
"GBR","FREIGHTTRANSP","RAIL","MLN_TONNEKM","A","1998",17340,
"GBR","FREIGHTTRANSP","RAIL","MLN_TONNEKM","A","1999",18050.424536214,
"GBR","FREIGHTTRANSP","RAIL","MLN_TONNEKM","A","2000",18169.862865357,
"GBR","FREIGHTTRANSP","RAIL","MLN_TONNEKM","A","2001",19199.607124964,
"GBR","FREIGHTTRANSP","RAIL","MLN_TONNEKM","A","2002",18633.81459925,
"GBR","FREIGHTTRANSP","RAIL","MLN_TONNEKM","A","2003",18745.175509571,
"GBR","FREIGHTTRANSP","RAIL","MLN_TONNEKM","A","2004",20136.782576286,
"GBR","FREIGHTTRANSP","RAIL","MLN_TONNEKM","A","2005",21426.789011214,
"GBR","FREIGHTTRANSP","RAIL","MLN_TONNEKM","A","2006",21918.784355994,
"GBR","FREIGHTTRANSP","RAIL","MLN_TONNEKM","A","2007",21265.297399239,
"GBR","FREIGHTTRANSP","RAIL","MLN_TONNEKM","A","2008",21076.885656054,
"GBR","FREIGHTTRANSP","RAIL","MLN_TONNEKM","A","2009",19171.477488606,
"GBR","FREIGHTTRANSP","RAIL","MLN_TONNEKM","A","2010",18576.419860376,
"GBR","FREIGHTTRANSP","RAIL","MLN_TONNEKM","A","2011",20973.823473378,
"GBR","FREIGHTTRANSP","RAIL","MLN_TONNEKM","A","2012",21466.803050594,
"GBR","FREIGHTTRANSP","RAIL","MLN_TONNEKM","A","2013",22401.431120115,
"GBR","FREIGHTTRANSP","RAIL","MLN_TONNEKM","A","2014",22143.367020006,
"GBR","FREIGHTTRANSP","RAIL","MLN_TONNEKM","A","2015",19342.444761281,
"GBR","FREIGHTTRANSP","RAIL","MLN_TONNEKM","A","2016",17053.216554029,
"GBR","FREIGHTTRANSP","RAIL","MLN_TONNEKM","A","2017",17166.930314851,
"GBR","FREIGHTTRANSP","RAIL","MLN_TONNEKM","A","2018",17205.693315326,
"USA","FREIGHTTRANSP","RAIL","MLN_TONNEKM","A","1998",2114555,
"USA","FREIGHTTRANSP","RAIL","MLN_TONNEKM","A","1999",2195309,
"USA","FREIGHTTRANSP","RAIL","MLN_TONNEKM","A","2000",2257583,
"USA","FREIGHTTRANSP","RAIL","MLN_TONNEKM","A","2001",2334980,
"USA","FREIGHTTRANSP","RAIL","MLN_TONNEKM","A","2002",2344032,
"USA","FREIGHTTRANSP","RAIL","MLN_TONNEKM","A","2003",2341159,
"USA","FREIGHTTRANSP","RAIL","MLN_TONNEKM","A","2004",2458440,
"USA","FREIGHTTRANSP","RAIL","MLN_TONNEKM","A","2005",2530605,
"USA","FREIGHTTRANSP","RAIL","MLN_TONNEKM","A","2006",2709558,
"USA","FREIGHTTRANSP","RAIL","MLN_TONNEKM","A","2007",2656604,
"USA","FREIGHTTRANSP","RAIL","MLN_TONNEKM","A","2008",2525364,
"USA","FREIGHTTRANSP","RAIL","MLN_TONNEKM","A","2009",2309811,
"USA","FREIGHTTRANSP","RAIL","MLN_TONNEKM","A","2010",2491450,
"USA","FREIGHTTRANSP","RAIL","MLN_TONNEKM","A","2011",2524667,
"USA","FREIGHTTRANSP","RAIL","MLN_TONNEKM","A","2012",2500300,
"USA","FREIGHTTRANSP","RAIL","MLN_TONNEKM","A","2013",2541355,
"USA","FREIGHTTRANSP","RAIL","MLN_TONNEKM","A","2014",2702743,"B"
"USA","FREIGHTTRANSP","RAIL","MLN_TONNEKM","A","2015",2537845,
"USA","FREIGHTTRANSP","RAIL","MLN_TONNEKM","A","2016",2314699,
"USA","FREIGHTTRANSP","RAIL","MLN_TONNEKM","A","2017",2445138,
"USA","FREIGHTTRANSP","RAIL","MLN_TONNEKM","A","2018",2525224,
"USA","FREIGHTTRANSP","RAIL","MLN_TONNEKM","A","2019",2364144,
"ALB","FREIGHTTRANSP","RAIL","MLN_TONNEKM","A","1998",25,
"ALB","FREIGHTTRANSP","RAIL","MLN_TONNEKM","A","1999",26,
"ALB","FREIGHTTRANSP","RAIL","MLN_TONNEKM","A","2000",28,
"ALB","FREIGHTTRANSP","RAIL","MLN_TONNEKM","A","2001",19,
"ALB","FREIGHTTRANSP","RAIL","MLN_TONNEKM","A","2002",21,
"ALB","FREIGHTTRANSP","RAIL","MLN_TONNEKM","A","2003",32,
"ALB","FREIGHTTRANSP","RAIL","MLN_TONNEKM","A","2004",32,
"ALB","FREIGHTTRANSP","RAIL","MLN_TONNEKM","A","2005",26,
"ALB","FREIGHTTRANSP","RAIL","MLN_TONNEKM","A","2006",36,
"ALB","FREIGHTTRANSP","RAIL","MLN_TONNEKM","A","2007",53,
"ALB","FREIGHTTRANSP","RAIL","MLN_TONNEKM","A","2008",52,
"ALB","FREIGHTTRANSP","RAIL","MLN_TONNEKM","A","2009",46,
"ALB","FREIGHTTRANSP","RAIL","MLN_TONNEKM","A","2010",66,
"ALB","FREIGHTTRANSP","RAIL","MLN_TONNEKM","A","2011",50,
"ALB","FREIGHTTRANSP","RAIL","MLN_TONNEKM","A","2012",25,
"ALB","FREIGHTTRANSP","RAIL","MLN_TONNEKM","A","2013",23,
"ALB","FREIGHTTRANSP","RAIL","MLN_TONNEKM","A","2014",39.887,
"ALB","FREIGHTTRANSP","RAIL","MLN_TONNEKM","A","2015",23.124,
"ALB","FREIGHTTRANSP","RAIL","MLN_TONNEKM","A","2016",8.8,
"ALB","FREIGHTTRANSP","RAIL","MLN_TONNEKM","A","2017",25.3,
"ALB","FREIGHTTRANSP","RAIL","MLN_TONNEKM","A","2018",20.4,
"ALB","FREIGHTTRANSP","RAIL","MLN_TONNEKM","A","2019",42.94,
"ARM","FREIGHTTRANSP","RAIL","MLN_TONNEKM","A","1998",419,
"ARM","FREIGHTTRANSP","RAIL","MLN_TONNEKM","A","1999",323,
"ARM","FREIGHTTRANSP","RAIL","MLN_TONNEKM","A","2000",354,
"ARM","FREIGHTTRANSP","RAIL","MLN_TONNEKM","A","2001",344,
"ARM","FREIGHTTRANSP","RAIL","MLN_TONNEKM","A","2002",452,
"ARM","FREIGHTTRANSP","RAIL","MLN_TONNEKM","A","2003",529,
"ARM","FREIGHTTRANSP","RAIL","MLN_TONNEKM","A","2004",678,
"ARM","FREIGHTTRANSP","RAIL","MLN_TONNEKM","A","2005",654,
"ARM","FREIGHTTRANSP","RAIL","MLN_TONNEKM","A","2006",668,
"ARM","FREIGHTTRANSP","RAIL","MLN_TONNEKM","A","2007",771,
"ARM","FREIGHTTRANSP","RAIL","MLN_TONNEKM","A","2008",705,"E"
"ARM","FREIGHTTRANSP","RAIL","MLN_TONNEKM","A","2009",718,"E"
"ARM","FREIGHTTRANSP","RAIL","MLN_TONNEKM","A","2010",743,"E"
"ARM","FREIGHTTRANSP","RAIL","MLN_TONNEKM","A","2011",816,"E"
"ARM","FREIGHTTRANSP","RAIL","MLN_TONNEKM","A","2012",867,"E"
"ARM","FREIGHTTRANSP","RAIL","MLN_TONNEKM","A","2013",851,"E"
"ARM","FREIGHTTRANSP","RAIL","MLN_TONNEKM","A","2014",786,
"ARM","FREIGHTTRANSP","RAIL","MLN_TONNEKM","A","2015",640,
"ARM","FREIGHTTRANSP","RAIL","MLN_TONNEKM","A","2016",658,
"ARM","FREIGHTTRANSP","RAIL","MLN_TONNEKM","A","2017",690,
"AZE","FREIGHTTRANSP","RAIL","MLN_TONNEKM","A","1998",4702,
"AZE","FREIGHTTRANSP","RAIL","MLN_TONNEKM","A","1999",5052,
"AZE","FREIGHTTRANSP","RAIL","MLN_TONNEKM","A","2000",5677,
"AZE","FREIGHTTRANSP","RAIL","MLN_TONNEKM","A","2001",6141,
"AZE","FREIGHTTRANSP","RAIL","MLN_TONNEKM","A","2002",6980,
"AZE","FREIGHTTRANSP","RAIL","MLN_TONNEKM","A","2003",7719,
"AZE","FREIGHTTRANSP","RAIL","MLN_TONNEKM","A","2004",7536,
"AZE","FREIGHTTRANSP","RAIL","MLN_TONNEKM","A","2005",9628,
"AZE","FREIGHTTRANSP","RAIL","MLN_TONNEKM","A","2006",11059,
"AZE","FREIGHTTRANSP","RAIL","MLN_TONNEKM","A","2007",10375,
"AZE","FREIGHTTRANSP","RAIL","MLN_TONNEKM","A","2008",10021,"B"
"AZE","FREIGHTTRANSP","RAIL","MLN_TONNEKM","A","2009",7592,
"AZE","FREIGHTTRANSP","RAIL","MLN_TONNEKM","A","2010",8250,
"AZE","FREIGHTTRANSP","RAIL","MLN_TONNEKM","A","2011",7845,
"AZE","FREIGHTTRANSP","RAIL","MLN_TONNEKM","A","2012",8212,
"AZE","FREIGHTTRANSP","RAIL","MLN_TONNEKM","A","2013",7958,
"AZE","FREIGHTTRANSP","RAIL","MLN_TONNEKM","A","2014",7371,
"AZE","FREIGHTTRANSP","RAIL","MLN_TONNEKM","A","2015",6210,
"AZE","FREIGHTTRANSP","RAIL","MLN_TONNEKM","A","2016",5192,
"AZE","FREIGHTTRANSP","RAIL","MLN_TONNEKM","A","2017",4633,
"AZE","FREIGHTTRANSP","RAIL","MLN_TONNEKM","A","2018",4492,
"AZE","FREIGHTTRANSP","RAIL","MLN_TONNEKM","A","2019",5152,
"BLR","FREIGHTTRANSP","RAIL","MLN_TONNEKM","A","1998",30370,
"BLR","FREIGHTTRANSP","RAIL","MLN_TONNEKM","A","1999",30529,
"BLR","FREIGHTTRANSP","RAIL","MLN_TONNEKM","A","2000",31425,
"BLR","FREIGHTTRANSP","RAIL","MLN_TONNEKM","A","2001",29727,
"BLR","FREIGHTTRANSP","RAIL","MLN_TONNEKM","A","2002",34169,
"BLR","FREIGHTTRANSP","RAIL","MLN_TONNEKM","A","2003",38402,
"BLR","FREIGHTTRANSP","RAIL","MLN_TONNEKM","A","2004",40331,
"BLR","FREIGHTTRANSP","RAIL","MLN_TONNEKM","A","2005",43559,
"BLR","FREIGHTTRANSP","RAIL","MLN_TONNEKM","A","2006",45723,
"BLR","FREIGHTTRANSP","RAIL","MLN_TONNEKM","A","2007",47933,
"BLR","FREIGHTTRANSP","RAIL","MLN_TONNEKM","A","2008",48994,
"BLR","FREIGHTTRANSP","RAIL","MLN_TONNEKM","A","2009",42742,
"BLR","FREIGHTTRANSP","RAIL","MLN_TONNEKM","A","2010",46224,
"BLR","FREIGHTTRANSP","RAIL","MLN_TONNEKM","A","2011",49406,
"BLR","FREIGHTTRANSP","RAIL","MLN_TONNEKM","A","2012",48351,
"BLR","FREIGHTTRANSP","RAIL","MLN_TONNEKM","A","2013",43818,
"BLR","FREIGHTTRANSP","RAIL","MLN_TONNEKM","A","2014",44997,
"BLR","FREIGHTTRANSP","RAIL","MLN_TONNEKM","A","2015",40785,
"BLR","FREIGHTTRANSP","RAIL","MLN_TONNEKM","A","2016",41107,
"BLR","FREIGHTTRANSP","RAIL","MLN_TONNEKM","A","2017",48538,
"BLR","FREIGHTTRANSP","RAIL","MLN_TONNEKM","A","2018",52574,
"BLR","FREIGHTTRANSP","RAIL","MLN_TONNEKM","A","2019",48205,
"BIH","FREIGHTTRANSP","RAIL","MLN_TONNEKM","A","1998",73,
"BIH","FREIGHTTRANSP","RAIL","MLN_TONNEKM","A","1999",115,
"BIH","FREIGHTTRANSP","RAIL","MLN_TONNEKM","A","2000",140,
"BIH","FREIGHTTRANSP","RAIL","MLN_TONNEKM","A","2001",280,
"BIH","FREIGHTTRANSP","RAIL","MLN_TONNEKM","A","2002",308,
"BIH","FREIGHTTRANSP","RAIL","MLN_TONNEKM","A","2003",318,
"BIH","FREIGHTTRANSP","RAIL","MLN_TONNEKM","A","2004",363,
"BIH","FREIGHTTRANSP","RAIL","MLN_TONNEKM","A","2005",379,
"BIH","FREIGHTTRANSP","RAIL","MLN_TONNEKM","A","2006",372,
"BIH","FREIGHTTRANSP","RAIL","MLN_TONNEKM","A","2007",1088,
"BIH","FREIGHTTRANSP","RAIL","MLN_TONNEKM","A","2008",1242,
"BIH","FREIGHTTRANSP","RAIL","MLN_TONNEKM","A","2009",992,
"BIH","FREIGHTTRANSP","RAIL","MLN_TONNEKM","A","2010",877,
"BIH","FREIGHTTRANSP","RAIL","MLN_TONNEKM","A","2011",1018,
"BIH","FREIGHTTRANSP","RAIL","MLN_TONNEKM","A","2012",1150,
"BIH","FREIGHTTRANSP","RAIL","MLN_TONNEKM","A","2013",1243,
"BIH","FREIGHTTRANSP","RAIL","MLN_TONNEKM","A","2014",1313,
"BIH","FREIGHTTRANSP","RAIL","MLN_TONNEKM","A","2015",1286,
"BIH","FREIGHTTRANSP","RAIL","MLN_TONNEKM","A","2016",1142,
"BIH","FREIGHTTRANSP","RAIL","MLN_TONNEKM","A","2017",1130.1,
"BIH","FREIGHTTRANSP","RAIL","MLN_TONNEKM","A","2018",1187.9,
"BIH","FREIGHTTRANSP","RAIL","MLN_TONNEKM","A","2019",1275,
"BGR","FREIGHTTRANSP","RAIL","MLN_TONNEKM","A","1998",6152,
"BGR","FREIGHTTRANSP","RAIL","MLN_TONNEKM","A","1999",5297,
"BGR","FREIGHTTRANSP","RAIL","MLN_TONNEKM","A","2000",5538,
"BGR","FREIGHTTRANSP","RAIL","MLN_TONNEKM","A","2001",4904,
"BGR","FREIGHTTRANSP","RAIL","MLN_TONNEKM","A","2002",4627,
"BGR","FREIGHTTRANSP","RAIL","MLN_TONNEKM","A","2003",5274,
"BGR","FREIGHTTRANSP","RAIL","MLN_TONNEKM","A","2004",5211,
"BGR","FREIGHTTRANSP","RAIL","MLN_TONNEKM","A","2005",5163,
"BGR","FREIGHTTRANSP","RAIL","MLN_TONNEKM","A","2006",5396,
"BGR","FREIGHTTRANSP","RAIL","MLN_TONNEKM","A","2007",5241,
"BGR","FREIGHTTRANSP","RAIL","MLN_TONNEKM","A","2008",4693,
"BGR","FREIGHTTRANSP","RAIL","MLN_TONNEKM","A","2009",3145,
"BGR","FREIGHTTRANSP","RAIL","MLN_TONNEKM","A","2010",3064,
"BGR","FREIGHTTRANSP","RAIL","MLN_TONNEKM","A","2011",3291,
"BGR","FREIGHTTRANSP","RAIL","MLN_TONNEKM","A","2012",2908,
"BGR","FREIGHTTRANSP","RAIL","MLN_TONNEKM","A","2013",3246,
"BGR","FREIGHTTRANSP","RAIL","MLN_TONNEKM","A","2014",3439,
"BGR","FREIGHTTRANSP","RAIL","MLN_TONNEKM","A","2015",3650,
"BGR","FREIGHTTRANSP","RAIL","MLN_TONNEKM","A","2016",3434,
"BGR","FREIGHTTRANSP","RAIL","MLN_TONNEKM","A","2017",3931,
"BGR","FREIGHTTRANSP","RAIL","MLN_TONNEKM","A","2018",3792,
"BGR","FREIGHTTRANSP","RAIL","MLN_TONNEKM","A","2019",3901.6,
"CHN","FREIGHTTRANSP","RAIL","MLN_TONNEKM","A","1998",1256010,
"CHN","FREIGHTTRANSP","RAIL","MLN_TONNEKM","A","1999",1291030,
"CHN","FREIGHTTRANSP","RAIL","MLN_TONNEKM","A","2000",1377050,
"CHN","FREIGHTTRANSP","RAIL","MLN_TONNEKM","A","2001",1469410,
"CHN","FREIGHTTRANSP","RAIL","MLN_TONNEKM","A","2002",1565840,
"CHN","FREIGHTTRANSP","RAIL","MLN_TONNEKM","A","2003",1724670,
"CHN","FREIGHTTRANSP","RAIL","MLN_TONNEKM","A","2004",1928880,
"CHN","FREIGHTTRANSP","RAIL","MLN_TONNEKM","A","2005",2072600,
"CHN","FREIGHTTRANSP","RAIL","MLN_TONNEKM","A","2006",2195441,
"CHN","FREIGHTTRANSP","RAIL","MLN_TONNEKM","A","2007",2379700,
"CHN","FREIGHTTRANSP","RAIL","MLN_TONNEKM","A","2008",2510628,
"CHN","FREIGHTTRANSP","RAIL","MLN_TONNEKM","A","2009",2523917,
"CHN","FREIGHTTRANSP","RAIL","MLN_TONNEKM","A","2010",2764413,
"CHN","FREIGHTTRANSP","RAIL","MLN_TONNEKM","A","2011",2946579,
"CHN","FREIGHTTRANSP","RAIL","MLN_TONNEKM","A","2012",2918709,
"CHN","FREIGHTTRANSP","RAIL","MLN_TONNEKM","A","2013",2917390,
"CHN","FREIGHTTRANSP","RAIL","MLN_TONNEKM","A","2014",2753020,
"CHN","FREIGHTTRANSP","RAIL","MLN_TONNEKM","A","2015",2375430,
"CHN","FREIGHTTRANSP","RAIL","MLN_TONNEKM","A","2016",2379230,
"CHN","FREIGHTTRANSP","RAIL","MLN_TONNEKM","A","2017",2696220,
"CHN","FREIGHTTRANSP","RAIL","MLN_TONNEKM","A","2018",2882100,
"HRV","FREIGHTTRANSP","RAIL","MLN_TONNEKM","A","1998",1831,
"HRV","FREIGHTTRANSP","RAIL","MLN_TONNEKM","A","1999",1685,
"HRV","FREIGHTTRANSP","RAIL","MLN_TONNEKM","A","2000",1788,
"HRV","FREIGHTTRANSP","RAIL","MLN_TONNEKM","A","2001",2074,
"HRV","FREIGHTTRANSP","RAIL","MLN_TONNEKM","A","2002",2206,
"HRV","FREIGHTTRANSP","RAIL","MLN_TONNEKM","A","2003",2487,
"HRV","FREIGHTTRANSP","RAIL","MLN_TONNEKM","A","2004",2493,
"HRV","FREIGHTTRANSP","RAIL","MLN_TONNEKM","A","2005",2835,
"HRV","FREIGHTTRANSP","RAIL","MLN_TONNEKM","A","2006",3305,
"HRV","FREIGHTTRANSP","RAIL","MLN_TONNEKM","A","2007",3574,
"HRV","FREIGHTTRANSP","RAIL","MLN_TONNEKM","A","2008",3312,
"HRV","FREIGHTTRANSP","RAIL","MLN_TONNEKM","A","2009",2641,
"HRV","FREIGHTTRANSP","RAIL","MLN_TONNEKM","A","2010",2618,
"HRV","FREIGHTTRANSP","RAIL","MLN_TONNEKM","A","2011",2438,
"HRV","FREIGHTTRANSP","RAIL","MLN_TONNEKM","A","2012",2332,
"HRV","FREIGHTTRANSP","RAIL","MLN_TONNEKM","A","2013",2086,
"HRV","FREIGHTTRANSP","RAIL","MLN_TONNEKM","A","2014",2119,
"HRV","FREIGHTTRANSP","RAIL","MLN_TONNEKM","A","2015",2183,
"HRV","FREIGHTTRANSP","RAIL","MLN_TONNEKM","A","2016",2160,
"HRV","FREIGHTTRANSP","RAIL","MLN_TONNEKM","A","2017",2592,
"HRV","FREIGHTTRANSP","RAIL","MLN_TONNEKM","A","2018",2743,
"HRV","FREIGHTTRANSP","RAIL","MLN_TONNEKM","A","2019",2911,
"EST","FREIGHTTRANSP","RAIL","MLN_TONNEKM","A","1998",6079,
"EST","FREIGHTTRANSP","RAIL","MLN_TONNEKM","A","1999",7295,
"EST","FREIGHTTRANSP","RAIL","MLN_TONNEKM","A","2000",8102,
"EST","FREIGHTTRANSP","RAIL","MLN_TONNEKM","A","2001",8557,
"EST","FREIGHTTRANSP","RAIL","MLN_TONNEKM","A","2002",9697,
"EST","FREIGHTTRANSP","RAIL","MLN_TONNEKM","A","2003",9670,
"EST","FREIGHTTRANSP","RAIL","MLN_TONNEKM","A","2004",10488,
"EST","FREIGHTTRANSP","RAIL","MLN_TONNEKM","A","2005",10639,
"EST","FREIGHTTRANSP","RAIL","MLN_TONNEKM","A","2006",10418,
"EST","FREIGHTTRANSP","RAIL","MLN_TONNEKM","A","2007",8430,
"EST","FREIGHTTRANSP","RAIL","MLN_TONNEKM","A","2008",5943,
"EST","FREIGHTTRANSP","RAIL","MLN_TONNEKM","A","2009",5934,
"EST","FREIGHTTRANSP","RAIL","MLN_TONNEKM","A","2010",6638,
"EST","FREIGHTTRANSP","RAIL","MLN_TONNEKM","A","2011",6271,
"EST","FREIGHTTRANSP","RAIL","MLN_TONNEKM","A","2012",5129,
"EST","FREIGHTTRANSP","RAIL","MLN_TONNEKM","A","2013",4722,
"EST","FREIGHTTRANSP","RAIL","MLN_TONNEKM","A","2014",3256,
"EST","FREIGHTTRANSP","RAIL","MLN_TONNEKM","A","2015",3114,
"EST","FREIGHTTRANSP","RAIL","MLN_TONNEKM","A","2016",2339,
"EST","FREIGHTTRANSP","RAIL","MLN_TONNEKM","A","2017",2325,
"EST","FREIGHTTRANSP","RAIL","MLN_TONNEKM","A","2018",2594,
"EST","FREIGHTTRANSP","RAIL","MLN_TONNEKM","A","2019",2155,
"GEO","FREIGHTTRANSP","RAIL","MLN_TONNEKM","A","1998",2574,
"GEO","FREIGHTTRANSP","RAIL","MLN_TONNEKM","A","1999",3138,
"GEO","FREIGHTTRANSP","RAIL","MLN_TONNEKM","A","2000",3913,
"GEO","FREIGHTTRANSP","RAIL","MLN_TONNEKM","A","2001",4480,
"GEO","FREIGHTTRANSP","RAIL","MLN_TONNEKM","A","2002",5074,
"GEO","FREIGHTTRANSP","RAIL","MLN_TONNEKM","A","2003",5447,
"GEO","FREIGHTTRANSP","RAIL","MLN_TONNEKM","A","2004",4855,
"GEO","FREIGHTTRANSP","RAIL","MLN_TONNEKM","A","2005",6145,
"GEO","FREIGHTTRANSP","RAIL","MLN_TONNEKM","A","2006",7393,
"GEO","FREIGHTTRANSP","RAIL","MLN_TONNEKM","A","2007",6927,
"GEO","FREIGHTTRANSP","RAIL","MLN_TONNEKM","A","2008",6515,
"GEO","FREIGHTTRANSP","RAIL","MLN_TONNEKM","A","2009",5417,
"GEO","FREIGHTTRANSP","RAIL","MLN_TONNEKM","A","2010",6228,
"GEO","FREIGHTTRANSP","RAIL","MLN_TONNEKM","A","2011",6055,
"GEO","FREIGHTTRANSP","RAIL","MLN_TONNEKM","A","2012",5976,
"GEO","FREIGHTTRANSP","RAIL","MLN_TONNEKM","A","2013",5526,
"GEO","FREIGHTTRANSP","RAIL","MLN_TONNEKM","A","2014",4988,
"GEO","FREIGHTTRANSP","RAIL","MLN_TONNEKM","A","2015",4261.2,
"GEO","FREIGHTTRANSP","RAIL","MLN_TONNEKM","A","2016",3424.2,
"GEO","FREIGHTTRANSP","RAIL","MLN_TONNEKM","A","2017",2963.2,
"GEO","FREIGHTTRANSP","RAIL","MLN_TONNEKM","A","2018",2598.2,
"GEO","FREIGHTTRANSP","RAIL","MLN_TONNEKM","A","2019",2935.1,
"IND","FREIGHTTRANSP","RAIL","MLN_TONNEKM","A","1998",284270,
"IND","FREIGHTTRANSP","RAIL","MLN_TONNEKM","A","1999",308040,
"IND","FREIGHTTRANSP","RAIL","MLN_TONNEKM","A","2000",312400,
"IND","FREIGHTTRANSP","RAIL","MLN_TONNEKM","A","2001",333200,
"IND","FREIGHTTRANSP","RAIL","MLN_TONNEKM","A","2002",353200,
"IND","FREIGHTTRANSP","RAIL","MLN_TONNEKM","A","2003",381200,
"IND","FREIGHTTRANSP","RAIL","MLN_TONNEKM","A","2004",411300,
"IND","FREIGHTTRANSP","RAIL","MLN_TONNEKM","A","2005",439596,
"IND","FREIGHTTRANSP","RAIL","MLN_TONNEKM","A","2006",480993,
"IND","FREIGHTTRANSP","RAIL","MLN_TONNEKM","A","2007",521370,
"IND","FREIGHTTRANSP","RAIL","MLN_TONNEKM","A","2008",551448,
"IND","FREIGHTTRANSP","RAIL","MLN_TONNEKM","A","2009",600546,
"IND","FREIGHTTRANSP","RAIL","MLN_TONNEKM","A","2010",625723,
"IND","FREIGHTTRANSP","RAIL","MLN_TONNEKM","A","2011",667607,
"IND","FREIGHTTRANSP","RAIL","MLN_TONNEKM","A","2012",649645,
"IND","FREIGHTTRANSP","RAIL","MLN_TONNEKM","A","2013",665810,
"IND","FREIGHTTRANSP","RAIL","MLN_TONNEKM","A","2014",681696,
"IND","FREIGHTTRANSP","RAIL","MLN_TONNEKM","A","2015",654481,
"IND","FREIGHTTRANSP","RAIL","MLN_TONNEKM","A","2016",620175,"E"
"IND","FREIGHTTRANSP","RAIL","MLN_TONNEKM","A","2017",654285,"E"
"LVA","FREIGHTTRANSP","RAIL","MLN_TONNEKM","A","1998",12965,
"LVA","FREIGHTTRANSP","RAIL","MLN_TONNEKM","A","1999",12210,
"LVA","FREIGHTTRANSP","RAIL","MLN_TONNEKM","A","2000",13310,
"LVA","FREIGHTTRANSP","RAIL","MLN_TONNEKM","A","2001",14179,
"LVA","FREIGHTTRANSP","RAIL","MLN_TONNEKM","A","2002",15020,
"LVA","FREIGHTTRANSP","RAIL","MLN_TONNEKM","A","2003",17955,
"LVA","FREIGHTTRANSP","RAIL","MLN_TONNEKM","A","2004",18618,
"LVA","FREIGHTTRANSP","RAIL","MLN_TONNEKM","A","2005",19779,
"LVA","FREIGHTTRANSP","RAIL","MLN_TONNEKM","A","2006",16831,
"LVA","FREIGHTTRANSP","RAIL","MLN_TONNEKM","A","2007",18313,
"LVA","FREIGHTTRANSP","RAIL","MLN_TONNEKM","A","2008",19581,
"LVA","FREIGHTTRANSP","RAIL","MLN_TONNEKM","A","2009",18725,
"LVA","FREIGHTTRANSP","RAIL","MLN_TONNEKM","A","2010",17179,
"LVA","FREIGHTTRANSP","RAIL","MLN_TONNEKM","A","2011",21410,
"LVA","FREIGHTTRANSP","RAIL","MLN_TONNEKM","A","2012",21867,
"LVA","FREIGHTTRANSP","RAIL","MLN_TONNEKM","A","2013",19532,
"LVA","FREIGHTTRANSP","RAIL","MLN_TONNEKM","A","2014",19441,
"LVA","FREIGHTTRANSP","RAIL","MLN_TONNEKM","A","2015",18906,
"LVA","FREIGHTTRANSP","RAIL","MLN_TONNEKM","A","2016",15873,
"LVA","FREIGHTTRANSP","RAIL","MLN_TONNEKM","A","2017",15014,
"LVA","FREIGHTTRANSP","RAIL","MLN_TONNEKM","A","2018",17859,
"LVA","FREIGHTTRANSP","RAIL","MLN_TONNEKM","A","2019",15019,
"LIE","FREIGHTTRANSP","RAIL","MLN_TONNEKM","A","2007",18,
"LIE","FREIGHTTRANSP","RAIL","MLN_TONNEKM","A","2008",17,
"LIE","FREIGHTTRANSP","RAIL","MLN_TONNEKM","A","2009",10,
"LIE","FREIGHTTRANSP","RAIL","MLN_TONNEKM","A","2010",11,
"LIE","FREIGHTTRANSP","RAIL","MLN_TONNEKM","A","2011",10,
"LIE","FREIGHTTRANSP","RAIL","MLN_TONNEKM","A","2012",10,
"LIE","FREIGHTTRANSP","RAIL","MLN_TONNEKM","A","2013",9,
"LTU","FREIGHTTRANSP","RAIL","MLN_TONNEKM","A","1998",8265,
"LTU","FREIGHTTRANSP","RAIL","MLN_TONNEKM","A","1999",7849,
"LTU","FREIGHTTRANSP","RAIL","MLN_TONNEKM","A","2000",8918,
"LTU","FREIGHTTRANSP","RAIL","MLN_TONNEKM","A","2001",7741,
"LTU","FREIGHTTRANSP","RAIL","MLN_TONNEKM","A","2002",9767,
"LTU","FREIGHTTRANSP","RAIL","MLN_TONNEKM","A","2003",11457,
"LTU","FREIGHTTRANSP","RAIL","MLN_TONNEKM","A","2004",11637,
"LTU","FREIGHTTRANSP","RAIL","MLN_TONNEKM","A","2005",12457,
"LTU","FREIGHTTRANSP","RAIL","MLN_TONNEKM","A","2006",12896,
"LTU","FREIGHTTRANSP","RAIL","MLN_TONNEKM","A","2007",14373,
"LTU","FREIGHTTRANSP","RAIL","MLN_TONNEKM","A","2008",14748,
"LTU","FREIGHTTRANSP","RAIL","MLN_TONNEKM","A","2009",11888,
"LTU","FREIGHTTRANSP","RAIL","MLN_TONNEKM","A","2010",13431,
"LTU","FREIGHTTRANSP","RAIL","MLN_TONNEKM","A","2011",15088,
"LTU","FREIGHTTRANSP","RAIL","MLN_TONNEKM","A","2012",14172,
"LTU","FREIGHTTRANSP","RAIL","MLN_TONNEKM","A","2013",13344,
"LTU","FREIGHTTRANSP","RAIL","MLN_TONNEKM","A","2014",14307,
"LTU","FREIGHTTRANSP","RAIL","MLN_TONNEKM","A","2015",14036,
"LTU","FREIGHTTRANSP","RAIL","MLN_TONNEKM","A","2016",13790,
"LTU","FREIGHTTRANSP","RAIL","MLN_TONNEKM","A","2017",15414,
"LTU","FREIGHTTRANSP","RAIL","MLN_TONNEKM","A","2018",16885,
"LTU","FREIGHTTRANSP","RAIL","MLN_TONNEKM","A","2019",16181,
"MKD","FREIGHTTRANSP","RAIL","MLN_TONNEKM","A","1998",408,
"MKD","FREIGHTTRANSP","RAIL","MLN_TONNEKM","A","1999",380,
"MKD","FREIGHTTRANSP","RAIL","MLN_TONNEKM","A","2000",527,
"MKD","FREIGHTTRANSP","RAIL","MLN_TONNEKM","A","2001",462,
"MKD","FREIGHTTRANSP","RAIL","MLN_TONNEKM","A","2002",334,
"MKD","FREIGHTTRANSP","RAIL","MLN_TONNEKM","A","2003",373,
"MKD","FREIGHTTRANSP","RAIL","MLN_TONNEKM","A","2004",426,
"MKD","FREIGHTTRANSP","RAIL","MLN_TONNEKM","A","2005",530,
"MKD","FREIGHTTRANSP","RAIL","MLN_TONNEKM","A","2006",614,
"MKD","FREIGHTTRANSP","RAIL","MLN_TONNEKM","A","2007",778,
"MKD","FREIGHTTRANSP","RAIL","MLN_TONNEKM","A","2008",743,
"MKD","FREIGHTTRANSP","RAIL","MLN_TONNEKM","A","2009",497,
"MKD","FREIGHTTRANSP","RAIL","MLN_TONNEKM","A","2010",525,
"MKD","FREIGHTTRANSP","RAIL","MLN_TONNEKM","A","2011",479,
"MKD","FREIGHTTRANSP","RAIL","MLN_TONNEKM","A","2012",423,
"MKD","FREIGHTTRANSP","RAIL","MLN_TONNEKM","A","2013",421,
"MKD","FREIGHTTRANSP","RAIL","MLN_TONNEKM","A","2014",411,
"MKD","FREIGHTTRANSP","RAIL","MLN_TONNEKM","A","2015",278,
"MKD","FREIGHTTRANSP","RAIL","MLN_TONNEKM","A","2016",222,
"MKD","FREIGHTTRANSP","RAIL","MLN_TONNEKM","A","2017",277,
"MKD","FREIGHTTRANSP","RAIL","MLN_TONNEKM","A","2018",305,
"MKD","FREIGHTTRANSP","RAIL","MLN_TONNEKM","A","2019",350,
"MLT","FREIGHTTRANSP","RAIL","MLN_TONNEKM","A","1998",,"M"
"MLT","FREIGHTTRANSP","RAIL","MLN_TONNEKM","A","1999",,"M"
"MLT","FREIGHTTRANSP","RAIL","MLN_TONNEKM","A","2000",,"M"
"MLT","FREIGHTTRANSP","RAIL","MLN_TONNEKM","A","2001",,"M"
"MLT","FREIGHTTRANSP","RAIL","MLN_TONNEKM","A","2002",,"M"
"MLT","FREIGHTTRANSP","RAIL","MLN_TONNEKM","A","2003",,"M"
"MLT","FREIGHTTRANSP","RAIL","MLN_TONNEKM","A","2004",,"M"
"MLT","FREIGHTTRANSP","RAIL","MLN_TONNEKM","A","2005",,"M"
"MLT","FREIGHTTRANSP","RAIL","MLN_TONNEKM","A","2006",,"M"
"MLT","FREIGHTTRANSP","RAIL","MLN_TONNEKM","A","2007",,"M"
"MLT","FREIGHTTRANSP","RAIL","MLN_TONNEKM","A","2008",,"M"
"MLT","FREIGHTTRANSP","RAIL","MLN_TONNEKM","A","2009",,"M"
"MLT","FREIGHTTRANSP","RAIL","MLN_TONNEKM","A","2010",,"M"
"MLT","FREIGHTTRANSP","RAIL","MLN_TONNEKM","A","2011",,"M"
"MLT","FREIGHTTRANSP","RAIL","MLN_TONNEKM","A","2012",,"M"
"MLT","FREIGHTTRANSP","RAIL","MLN_TONNEKM","A","2013",,"M"
"MLT","FREIGHTTRANSP","RAIL","MLN_TONNEKM","A","2014",,"M"
"MLT","FREIGHTTRANSP","RAIL","MLN_TONNEKM","A","2015",,"M"
"MLT","FREIGHTTRANSP","RAIL","MLN_TONNEKM","A","2016",,"M"
"MLT","FREIGHTTRANSP","RAIL","MLN_TONNEKM","A","2017",,"M"
"MLT","FREIGHTTRANSP","RAIL","MLN_TONNEKM","A","2018",,"M"
"MLT","FREIGHTTRANSP","RAIL","MLN_TONNEKM","A","2019",,"M"
"MDA","FREIGHTTRANSP","RAIL","MLN_TONNEKM","A","1998",2652,
"MDA","FREIGHTTRANSP","RAIL","MLN_TONNEKM","A","1999",1232,
"MDA","FREIGHTTRANSP","RAIL","MLN_TONNEKM","A","2000",1538,
"MDA","FREIGHTTRANSP","RAIL","MLN_TONNEKM","A","2001",2049,
"MDA","FREIGHTTRANSP","RAIL","MLN_TONNEKM","A","2002",2715,
"MDA","FREIGHTTRANSP","RAIL","MLN_TONNEKM","A","2003",3000,
"MDA","FREIGHTTRANSP","RAIL","MLN_TONNEKM","A","2004",2968,
"MDA","FREIGHTTRANSP","RAIL","MLN_TONNEKM","A","2005",2980,
"MDA","FREIGHTTRANSP","RAIL","MLN_TONNEKM","A","2006",3656,
"MDA","FREIGHTTRANSP","RAIL","MLN_TONNEKM","A","2007",3092,
"MDA","FREIGHTTRANSP","RAIL","MLN_TONNEKM","A","2008",2873,
"MDA","FREIGHTTRANSP","RAIL","MLN_TONNEKM","A","2009",1058,
"MDA","FREIGHTTRANSP","RAIL","MLN_TONNEKM","A","2010",959,
"MDA","FREIGHTTRANSP","RAIL","MLN_TONNEKM","A","2011",1196,
"MDA","FREIGHTTRANSP","RAIL","MLN_TONNEKM","A","2012",960,
"MDA","FREIGHTTRANSP","RAIL","MLN_TONNEKM","A","2013",1227,
"MDA","FREIGHTTRANSP","RAIL","MLN_TONNEKM","A","2014",1182,
"MDA","FREIGHTTRANSP","RAIL","MLN_TONNEKM","A","2015",963,
"MDA","FREIGHTTRANSP","RAIL","MLN_TONNEKM","A","2016",790,
"MDA","FREIGHTTRANSP","RAIL","MLN_TONNEKM","A","2017",987,
"MDA","FREIGHTTRANSP","RAIL","MLN_TONNEKM","A","2018",1012,
"MDA","FREIGHTTRANSP","RAIL","MLN_TONNEKM","A","2019",940.3,
"ROU","FREIGHTTRANSP","RAIL","MLN_TONNEKM","A","1998",19708,
"ROU","FREIGHTTRANSP","RAIL","MLN_TONNEKM","A","1999",15927,
"ROU","FREIGHTTRANSP","RAIL","MLN_TONNEKM","A","2000",17982,
"ROU","FREIGHTTRANSP","RAIL","MLN_TONNEKM","A","2001",17960,
"ROU","FREIGHTTRANSP","RAIL","MLN_TONNEKM","A","2002",17494,
"ROU","FREIGHTTRANSP","RAIL","MLN_TONNEKM","A","2003",16942,
"ROU","FREIGHTTRANSP","RAIL","MLN_TONNEKM","A","2004",18426,
"ROU","FREIGHTTRANSP","RAIL","MLN_TONNEKM","A","2005",16582,
"ROU","FREIGHTTRANSP","RAIL","MLN_TONNEKM","A","2006",15791,
"ROU","FREIGHTTRANSP","RAIL","MLN_TONNEKM","A","2007",15757,
"ROU","FREIGHTTRANSP","RAIL","MLN_TONNEKM","A","2008",15236,
"ROU","FREIGHTTRANSP","RAIL","MLN_TONNEKM","A","2009",11088,
"ROU","FREIGHTTRANSP","RAIL","MLN_TONNEKM","A","2010",12375,
"ROU","FREIGHTTRANSP","RAIL","MLN_TONNEKM","A","2011",14719,
"ROU","FREIGHTTRANSP","RAIL","MLN_TONNEKM","A","2012",13472,
"ROU","FREIGHTTRANSP","RAIL","MLN_TONNEKM","A","2013",12941,
"ROU","FREIGHTTRANSP","RAIL","MLN_TONNEKM","A","2014",12264,
"ROU","FREIGHTTRANSP","RAIL","MLN_TONNEKM","A","2015",13673,
"ROU","FREIGHTTRANSP","RAIL","MLN_TONNEKM","A","2016",13535,
"ROU","FREIGHTTRANSP","RAIL","MLN_TONNEKM","A","2017",13782,
"ROU","FREIGHTTRANSP","RAIL","MLN_TONNEKM","A","2018",13076,
"ROU","FREIGHTTRANSP","RAIL","MLN_TONNEKM","A","2019",13312,
"RUS","FREIGHTTRANSP","RAIL","MLN_TONNEKM","A","1998",1019547,
"RUS","FREIGHTTRANSP","RAIL","MLN_TONNEKM","A","1999",1204547,
"RUS","FREIGHTTRANSP","RAIL","MLN_TONNEKM","A","2000",1373178,
"RUS","FREIGHTTRANSP","RAIL","MLN_TONNEKM","A","2001",1433617,
"RUS","FREIGHTTRANSP","RAIL","MLN_TONNEKM","A","2002",1510203,
"RUS","FREIGHTTRANSP","RAIL","MLN_TONNEKM","A","2003",1668921,
"RUS","FREIGHTTRANSP","RAIL","MLN_TONNEKM","A","2004",1801601,
"RUS","FREIGHTTRANSP","RAIL","MLN_TONNEKM","A","2005",1858093,
"RUS","FREIGHTTRANSP","RAIL","MLN_TONNEKM","A","2006",1950830,
"RUS","FREIGHTTRANSP","RAIL","MLN_TONNEKM","A","2007",2090337,
"RUS","FREIGHTTRANSP","RAIL","MLN_TONNEKM","A","2008",2116240,
"RUS","FREIGHTTRANSP","RAIL","MLN_TONNEKM","A","2009",1865305,
"RUS","FREIGHTTRANSP","RAIL","MLN_TONNEKM","A","2010",2011308,
"RUS","FREIGHTTRANSP","RAIL","MLN_TONNEKM","A","2011",2127835,
"RUS","FREIGHTTRANSP","RAIL","MLN_TONNEKM","A","2012",2222389,
"RUS","FREIGHTTRANSP","RAIL","MLN_TONNEKM","A","2013",2196217,
"RUS","FREIGHTTRANSP","RAIL","MLN_TONNEKM","A","2014",2300532,
"RUS","FREIGHTTRANSP","RAIL","MLN_TONNEKM","A","2015",2305945,
"RUS","FREIGHTTRANSP","RAIL","MLN_TONNEKM","A","2016",2344087,
"RUS","FREIGHTTRANSP","RAIL","MLN_TONNEKM","A","2017",2493428,
"RUS","FREIGHTTRANSP","RAIL","MLN_TONNEKM","A","2018",2597778,
"RUS","FREIGHTTRANSP","RAIL","MLN_TONNEKM","A","2019",2602493,
"SVN","FREIGHTTRANSP","RAIL","MLN_TONNEKM","A","1998",2859,
"SVN","FREIGHTTRANSP","RAIL","MLN_TONNEKM","A","1999",2784,
"SVN","FREIGHTTRANSP","RAIL","MLN_TONNEKM","A","2000",2857,
"SVN","FREIGHTTRANSP","RAIL","MLN_TONNEKM","A","2001",2837,
"SVN","FREIGHTTRANSP","RAIL","MLN_TONNEKM","A","2002",3078,
"SVN","FREIGHTTRANSP","RAIL","MLN_TONNEKM","A","2003",3274,
"SVN","FREIGHTTRANSP","RAIL","MLN_TONNEKM","A","2004",3149,
"SVN","FREIGHTTRANSP","RAIL","MLN_TONNEKM","A","2005",3245,
"SVN","FREIGHTTRANSP","RAIL","MLN_TONNEKM","A","2006",3373,
"SVN","FREIGHTTRANSP","RAIL","MLN_TONNEKM","A","2007",3603,
"SVN","FREIGHTTRANSP","RAIL","MLN_TONNEKM","A","2008",3520,
"SVN","FREIGHTTRANSP","RAIL","MLN_TONNEKM","A","2009",2668,
"SVN","FREIGHTTRANSP","RAIL","MLN_TONNEKM","A","2010",3421,
"SVN","FREIGHTTRANSP","RAIL","MLN_TONNEKM","A","2011",3752,
"SVN","FREIGHTTRANSP","RAIL","MLN_TONNEKM","A","2012",3470,
"SVN","FREIGHTTRANSP","RAIL","MLN_TONNEKM","A","2013",3799,
"SVN","FREIGHTTRANSP","RAIL","MLN_TONNEKM","A","2014",4110,
"SVN","FREIGHTTRANSP","RAIL","MLN_TONNEKM","A","2015",4175,
"SVN","FREIGHTTRANSP","RAIL","MLN_TONNEKM","A","2016",4360,
"SVN","FREIGHTTRANSP","RAIL","MLN_TONNEKM","A","2017",5128,
"SVN","FREIGHTTRANSP","RAIL","MLN_TONNEKM","A","2018",5151,
"SVN","FREIGHTTRANSP","RAIL","MLN_TONNEKM","A","2019",5292,
"UKR","FREIGHTTRANSP","RAIL","MLN_TONNEKM","A","1998",158693,
"UKR","FREIGHTTRANSP","RAIL","MLN_TONNEKM","A","1999",156336,
"UKR","FREIGHTTRANSP","RAIL","MLN_TONNEKM","A","2000",172840,
"UKR","FREIGHTTRANSP","RAIL","MLN_TONNEKM","A","2001",177465,
"UKR","FREIGHTTRANSP","RAIL","MLN_TONNEKM","A","2002",193140,
"UKR","FREIGHTTRANSP","RAIL","MLN_TONNEKM","A","2003",225287,
"UKR","FREIGHTTRANSP","RAIL","MLN_TONNEKM","A","2004",233987,
"UKR","FREIGHTTRANSP","RAIL","MLN_TONNEKM","A","2005",223980,
"UKR","FREIGHTTRANSP","RAIL","MLN_TONNEKM","A","2006",240810,
"UKR","FREIGHTTRANSP","RAIL","MLN_TONNEKM","A","2007",262504,
"UKR","FREIGHTTRANSP","RAIL","MLN_TONNEKM","A","2008",257007,
"UKR","FREIGHTTRANSP","RAIL","MLN_TONNEKM","A","2009",196188,
"UKR","FREIGHTTRANSP","RAIL","MLN_TONNEKM","A","2010",218091,
"UKR","FREIGHTTRANSP","RAIL","MLN_TONNEKM","A","2011",243866,
"UKR","FREIGHTTRANSP","RAIL","MLN_TONNEKM","A","2012",237722,
"UKR","FREIGHTTRANSP","RAIL","MLN_TONNEKM","A","2013",224434,
"UKR","FREIGHTTRANSP","RAIL","MLN_TONNEKM","A","2014",210157,"B"
"UKR","FREIGHTTRANSP","RAIL","MLN_TONNEKM","A","2015",195054,
"UKR","FREIGHTTRANSP","RAIL","MLN_TONNEKM","A","2016",187557,
"UKR","FREIGHTTRANSP","RAIL","MLN_TONNEKM","A","2017",191914,
"UKR","FREIGHTTRANSP","RAIL","MLN_TONNEKM","A","2018",186344,
"UKR","FREIGHTTRANSP","RAIL","MLN_TONNEKM","A","2019",181844,
"SRB","FREIGHTTRANSP","RAIL","MLN_TONNEKM","A","1998",2537,
"SRB","FREIGHTTRANSP","RAIL","MLN_TONNEKM","A","1999",1190,
"SRB","FREIGHTTRANSP","RAIL","MLN_TONNEKM","A","2000",1917,
"SRB","FREIGHTTRANSP","RAIL","MLN_TONNEKM","A","2001",1989,
"SRB","FREIGHTTRANSP","RAIL","MLN_TONNEKM","A","2002",2253,
"SRB","FREIGHTTRANSP","RAIL","MLN_TONNEKM","A","2003",2591,
"SRB","FREIGHTTRANSP","RAIL","MLN_TONNEKM","A","2004",3164,
"SRB","FREIGHTTRANSP","RAIL","MLN_TONNEKM","A","2005",3482,
"SRB","FREIGHTTRANSP","RAIL","MLN_TONNEKM","A","2006",4232,
"SRB","FREIGHTTRANSP","RAIL","MLN_TONNEKM","A","2007",4551,
"SRB","FREIGHTTRANSP","RAIL","MLN_TONNEKM","A","2008",4339,
"SRB","FREIGHTTRANSP","RAIL","MLN_TONNEKM","A","2009",2967,
"SRB","FREIGHTTRANSP","RAIL","MLN_TONNEKM","A","2010",3522,
"SRB","FREIGHTTRANSP","RAIL","MLN_TONNEKM","A","2011",3611,
"SRB","FREIGHTTRANSP","RAIL","MLN_TONNEKM","A","2012",2769,
"SRB","FREIGHTTRANSP","RAIL","MLN_TONNEKM","A","2013",3022,
"SRB","FREIGHTTRANSP","RAIL","MLN_TONNEKM","A","2014",2988,
"SRB","FREIGHTTRANSP","RAIL","MLN_TONNEKM","A","2015",3248,
"SRB","FREIGHTTRANSP","RAIL","MLN_TONNEKM","A","2016",3087,
"SRB","FREIGHTTRANSP","RAIL","MLN_TONNEKM","A","2017",3288,
"SRB","FREIGHTTRANSP","RAIL","MLN_TONNEKM","A","2018",3932,
"SRB","FREIGHTTRANSP","RAIL","MLN_TONNEKM","A","2019",2861,
"MNE","FREIGHTTRANSP","RAIL","MLN_TONNEKM","A","2001",51,
"MNE","FREIGHTTRANSP","RAIL","MLN_TONNEKM","A","2002",66,
"MNE","FREIGHTTRANSP","RAIL","MLN_TONNEKM","A","2003",55,
"MNE","FREIGHTTRANSP","RAIL","MLN_TONNEKM","A","2004",93,
"MNE","FREIGHTTRANSP","RAIL","MLN_TONNEKM","A","2005",133,
"MNE","FREIGHTTRANSP","RAIL","MLN_TONNEKM","A","2006",182,
"MNE","FREIGHTTRANSP","RAIL","MLN_TONNEKM","A","2007",185,
"MNE","FREIGHTTRANSP","RAIL","MLN_TONNEKM","A","2008",184,
"MNE","FREIGHTTRANSP","RAIL","MLN_TONNEKM","A","2009",101,
"MNE","FREIGHTTRANSP","RAIL","MLN_TONNEKM","A","2010",151,
"MNE","FREIGHTTRANSP","RAIL","MLN_TONNEKM","A","2011",136,
"MNE","FREIGHTTRANSP","RAIL","MLN_TONNEKM","A","2012",73,
"MNE","FREIGHTTRANSP","RAIL","MLN_TONNEKM","A","2013",105,
"MNE","FREIGHTTRANSP","RAIL","MLN_TONNEKM","A","2014",94,
"MNE","FREIGHTTRANSP","RAIL","MLN_TONNEKM","A","2015",112,
"MNE","FREIGHTTRANSP","RAIL","MLN_TONNEKM","A","2016",112,
"MNE","FREIGHTTRANSP","RAIL","MLN_TONNEKM","A","2017",169,
"ISR","FREIGHTTRANSP","RAIL","MLN_TONNEKM","A","1998",1049.2,
"ISR","FREIGHTTRANSP","RAIL","MLN_TONNEKM","A","1999",1127.7,
"ISR","FREIGHTTRANSP","RAIL","MLN_TONNEKM","A","2000",1172.9,
"ISR","FREIGHTTRANSP","RAIL","MLN_TONNEKM","A","2001",1098.4,
"ISR","FREIGHTTRANSP","RAIL","MLN_TONNEKM","A","2002",1102.5,
"ISR","FREIGHTTRANSP","RAIL","MLN_TONNEKM","A","2003",1111.9,
"ISR","FREIGHTTRANSP","RAIL","MLN_TONNEKM","A","2004",1173.2,
"ISR","FREIGHTTRANSP","RAIL","MLN_TONNEKM","A","2005",1148.7,
"ISR","FREIGHTTRANSP","RAIL","MLN_TONNEKM","A","2006",1122.5,
"ISR","FREIGHTTRANSP","RAIL","MLN_TONNEKM","A","2007",1176.7,
"ISR","FREIGHTTRANSP","RAIL","MLN_TONNEKM","A","2008",1056,
"ISR","FREIGHTTRANSP","RAIL","MLN_TONNEKM","A","2009",799.2,
"ISR","FREIGHTTRANSP","RAIL","MLN_TONNEKM","A","2010",1062,
"ISR","FREIGHTTRANSP","RAIL","MLN_TONNEKM","A","2011",1099.2,
"ISR","FREIGHTTRANSP","RAIL","MLN_TONNEKM","A","2012",1011.2,
"ISR","FREIGHTTRANSP","RAIL","MLN_TONNEKM","A","2013",1058,
"ISR","FREIGHTTRANSP","RAIL","MLN_TONNEKM","A","2014",1165.4,
"ISR","FREIGHTTRANSP","RAIL","MLN_TONNEKM","A","2015",1155,
"ISR","FREIGHTTRANSP","RAIL","MLN_TONNEKM","A","2016",1404.4,
"ISR","FREIGHTTRANSP","RAIL","MLN_TONNEKM","A","2017",1380.5,
"ISR","FREIGHTTRANSP","RAIL","MLN_TONNEKM","A","2018",1235.1,
"ISR","FREIGHTTRANSP","RAIL","MLN_TONNEKM","A","2019",1241.5,
"ARG","FREIGHTTRANSP","RAIL","MLN_TONNEKM","A","1998",9824,
"ARG","FREIGHTTRANSP","RAIL","MLN_TONNEKM","A","1999",9102,
"ARG","FREIGHTTRANSP","RAIL","MLN_TONNEKM","A","2000",8696,
"ARG","FREIGHTTRANSP","RAIL","MLN_TONNEKM","A","2001",8987,
"ARG","FREIGHTTRANSP","RAIL","MLN_TONNEKM","A","2002",9445,
"ARG","FREIGHTTRANSP","RAIL","MLN_TONNEKM","A","2003",10989,
"ARG","FREIGHTTRANSP","RAIL","MLN_TONNEKM","A","2004",11603,
"ARG","FREIGHTTRANSP","RAIL","MLN_TONNEKM","A","2005",12262,
"ARG","FREIGHTTRANSP","RAIL","MLN_TONNEKM","A","2006",12628,
"ARG","FREIGHTTRANSP","RAIL","MLN_TONNEKM","A","2007",12871,
"ARG","FREIGHTTRANSP","RAIL","MLN_TONNEKM","A","2008",12025,
"ARG","FREIGHTTRANSP","RAIL","MLN_TONNEKM","A","2009",10649,
"ARG","FREIGHTTRANSP","RAIL","MLN_TONNEKM","A","2010",12112,
"ARG","FREIGHTTRANSP","RAIL","MLN_TONNEKM","A","2011",12198,
"ARG","FREIGHTTRANSP","RAIL","MLN_TONNEKM","A","2012",10583,
"ARG","FREIGHTTRANSP","RAIL","MLN_TONNEKM","A","2013",9746,
"ARG","FREIGHTTRANSP","RAIL","MLN_TONNEKM","A","2014",8893,
"ARG","FREIGHTTRANSP","RAIL","MLN_TONNEKM","A","2015",8274,
"ARG","FREIGHTTRANSP","RAIL","MLN_TONNEKM","A","2016",8529,
"ARG","FREIGHTTRANSP","RAIL","MLN_TONNEKM","A","2017",8377,
"CHL","FREIGHTTRANSP","RAIL","MLN_TONNEKM","A","2010",3833.633027,"P"
"CHL","FREIGHTTRANSP","RAIL","MLN_TONNEKM","A","2011",4118.699224,"P"
"CHL","FREIGHTTRANSP","RAIL","MLN_TONNEKM","A","2012",4089.738747,"P"
"CHL","FREIGHTTRANSP","RAIL","MLN_TONNEKM","A","2013",3981.463012,"P"
"CHL","FREIGHTTRANSP","RAIL","MLN_TONNEKM","A","2014",4103.932874,"P"
"CHL","FREIGHTTRANSP","RAIL","MLN_TONNEKM","A","2015",4085.724617,"P"
"CHL","FREIGHTTRANSP","RAIL","MLN_TONNEKM","A","2016",4076.755917,"P"
"CHL","FREIGHTTRANSP","RAIL","MLN_TONNEKM","A","2017",3770,"P"
"CHL","FREIGHTTRANSP","RAIL","MLN_TONNEKM","A","2018",3816,"P"
"CHL","FREIGHTTRANSP","RAIL","MLN_TONNEKM","A","2019",3079,"P"
"MAR","FREIGHTTRANSP","RAIL","MLN_TONNEKM","A","1998",4757,
"MAR","FREIGHTTRANSP","RAIL","MLN_TONNEKM","A","1999",4729,
"MAR","FREIGHTTRANSP","RAIL","MLN_TONNEKM","A","2000",4576,
"MAR","FREIGHTTRANSP","RAIL","MLN_TONNEKM","A","2001",4622,
"MAR","FREIGHTTRANSP","RAIL","MLN_TONNEKM","A","2002",4943,
"MAR","FREIGHTTRANSP","RAIL","MLN_TONNEKM","A","2003",5110,
"MAR","FREIGHTTRANSP","RAIL","MLN_TONNEKM","A","2004",5524,
"MAR","FREIGHTTRANSP","RAIL","MLN_TONNEKM","A","2005",5825,
"MAR","FREIGHTTRANSP","RAIL","MLN_TONNEKM","A","2006",5744,
"MAR","FREIGHTTRANSP","RAIL","MLN_TONNEKM","A","2007",5837,
"MAR","FREIGHTTRANSP","RAIL","MLN_TONNEKM","A","2008",4959,
"MAR","FREIGHTTRANSP","RAIL","MLN_TONNEKM","A","2009",4111,
"MAR","FREIGHTTRANSP","RAIL","MLN_TONNEKM","A","2010",5572,
"MAR","FREIGHTTRANSP","RAIL","MLN_TONNEKM","A","2011",5976,
"MAR","FREIGHTTRANSP","RAIL","MLN_TONNEKM","A","2014",5383.499,
"MAR","FREIGHTTRANSP","RAIL","MLN_TONNEKM","A","2015",4748.521,
"MAR","FREIGHTTRANSP","RAIL","MLN_TONNEKM","A","2017",3896,
